Year,State,r_avg_win,d_avg_win
1948,AL,,0.936431287
1948,AR,,1
1948,AZ,,0.614873615
1948,CA,0.857725638,0.707550919
1948,CO,0.519101172,0.55799325
1948,CT,0.526859278,0.524297573
1948,DE,0.507919392,
1948,FL,,0.849113348
1948,GA,,1
1948,IA,0.5465061,
1948,ID,0.511118844,0.530832861
1948,IL,0.565350183,0.614179573
1948,IN,0.527304493,0.540387259
1948,KS,0.575758382,
1948,KY,0.766705024,0.672528988
1948,LA,,0.958034554
1948,MA,0.69044091,0.778656656
1948,MD,0.538495133,0.629563824
1948,ME,0.668548051,
1948,MI,0.594408986,0.663696662
1948,MN,0.57265257,0.58101583
1948,MO,0.539591355,0.60418107
1948,MS,,1
1948,MT,0.51006801,0.682241304
1948,NC,,0.743483137
1948,ND,1,
1948,NE,0.6188267,0.514272892
1948,NH,0.568587821,
1948,NJ,0.568576129,0.591530117
1948,NM,,0.587139318
1948,NV,,0.50648156
1948,NY,0.669978034,0.66567743
1948,OH,0.583241508,0.612180506
1948,OK,,0.697885803
1948,OR,0.626400056,
1948,PA,0.598483485,0.578112331
1948,RI,,0.60836884
1948,SC,,0.973353729
1948,SD,0.597261868,
1948,TN,0.790037306,0.844381697
1948,TX,,0.954826212
1948,UT,,0.582490744
1948,VA,,0.727804086
1948,VT,0.607962706,
1948,WA,0.543067556,0.577108902
1948,WI,0.636265905,0.56426872
1948,WV,,0.582817153
1948,WY,0.515246655,
1950,AL,,0.99301457
1950,AR,,1
1950,AZ,,0.648376944
1950,CA,0.758622075,0.783396923
1950,CO,0.547204184,0.541467116
1950,CT,0.526962059,0.551539904
1950,DE,0.566543538,
1950,FL,,0.931108727
1950,GA,,1
1950,IA,0.613001747,
1950,ID,0.538002278,
1950,IL,0.606742637,0.616022832
1950,IN,0.550970751,0.520714297
1950,KS,0.58798341,
1950,KY,0.777667456,0.828449506
1950,LA,,1
1950,MA,0.645448393,0.718677121
1950,MD,0.565634924,0.603652631
1950,ME,0.581857625,
1950,MI,0.617864137,0.644695915
1950,MN,0.625737161,0.577909073
1950,MO,0.534470616,0.623582014
1950,MS,,0.978568229
1950,MT,0.546900898,0.608849439
1950,NC,,0.775487432
1950,ND,0.713379617,
1950,NE,0.626968808,
1950,NH,0.609893942,
1950,NJ,0.610409809,0.56021567
1950,NM,,0.574958426
1950,NV,,0.527831189
1950,NY,0.629778249,0.686010079
1950,OH,0.688996249,0.615925099
1950,OK,0.53521684,0.683478356
1950,OR,0.587865722,
1950,PA,0.586957113,0.570740562
1950,RI,,0.619656125
1950,SC,,1
1950,SD,0.605362543,
1950,TN,0.58389441,1
1950,TX,,0.950466274
1950,UT,,0.522432481
1950,VA,,0.86050083
1950,VT,0.741817024,
1950,WA,0.582476278,0.566539533
1950,WI,0.6096359,0.608774205
1950,WV,,0.565826252
1950,WY,0.544896516,
1952,AL,,0.955433763
1952,AR,,0.893589268
1952,AZ,0.540159501,0.568749701
1952,CA,0.755990066,0.784977153
1952,CO,0.604387498,0.505638146
1952,CT,0.560968871,0.539680399
1952,DE,0.519277711,
1952,FL,,0.792187566
1952,GA,,1
1952,IA,0.685388761,
1952,ID,0.661664708,0.502714521
1952,IL,0.613578319,0.612345527
1952,IN,0.5818239,0.565441373
1952,KS,0.61917235,0.514737959
1952,KY,0.615188902,0.576558138
1952,LA,,0.957994917
1952,MA,0.665640555,0.668640313
1952,MD,0.576568757,0.589782089
1952,ME,0.681886879,
1952,MI,0.610291289,0.660808497
1952,MN,0.63903175,0.572602893
1952,MO,0.560751897,0.576838818
1952,MS,,0.968766877
1952,MT,0.620370943,0.507256411
1952,NC,0.574103095,0.770012155
1952,ND,0.892166962,
1952,NE,0.683398987,
1952,NH,0.633214856,
1952,NJ,0.626324991,0.551607658
1952,NM,,0.52106727
1952,NV,0.504783175,
1952,NY,0.636820528,0.681247641
1952,OH,0.716264687,0.617221766
1952,OK,0.586424194,0.646285049
1952,OR,0.616814804,
1952,PA,0.593192322,0.592840333
1952,RI,,0.541718641
1952,SC,,0.979789805
1952,SD,0.687115056,
1952,TN,0.674347548,0.91072266
1952,TX,,0.990463496
1952,UT,0.565426588,
1952,VA,0.511656891,0.909658373
1952,VT,0.717838989,
1952,WA,0.570950268,0.505112765
1952,WI,0.665672867,0.642741228
1952,WV,0.533409562,0.554265692
1952,WY,0.601017992,
1954,AL,,0.967264838
1954,AR,,1
1954,AZ,0.531284621,0.620805675
1954,CA,0.586180801,0.710530972
1954,CO,0.541572567,0.546302833
1954,CT,0.529422674,0.569626063
1954,DE,,0.549107019
1954,FL,0.507488038,0.936367657
1954,GA,,0.964383186
1954,IA,0.587837472,
1954,ID,0.608334263,0.548744905
1954,IL,0.63224714,0.644466211
1954,IN,0.549804495,0.570057978
1954,KS,0.564587293,
1954,KY,0.569093097,0.803807141
1954,LA,,0.977889068
1954,MA,0.648586604,0.783133896
1954,MD,0.543674648,0.663715177
1954,ME,0.555268297,
1954,MI,0.584454646,0.653745726
1954,MN,0.567897416,0.604779613
1954,MO,0.541638619,0.596607293
1954,MS,,1
1954,MT,0.506156296,0.559788911
1954,NC,0.574867146,0.756214625
1954,ND,0.672279858,
1954,NE,0.617909866,
1954,NH,0.553189455,
1954,NJ,0.582703975,0.616768886
1954,NM,,0.590407029
1954,NV,0.545099757,
1954,NY,0.617357577,0.746052878
1954,OH,0.608441134,0.625739778
1954,OK,0.588299564,0.766728631
1954,OR,0.57154897,0.524220546
1954,PA,0.570835706,0.598802287
1954,RI,,0.598183442
1954,SC,,1
1954,SD,0.609678187,
1954,TN,0.602522162,0.904911673
1954,TX,0.529100329,0.95673878
1954,UT,0.552649827,
1954,VA,0.583543949,0.821600476
1954,VT,0.613760456,
1954,WA,0.574156692,0.575642511
1954,WI,0.591281179,0.595817394
1954,WV,,0.578261
1954,WY,0.561831738,
1956,AL,,0.910394109
1956,AR,,0.935588614
1956,AZ,0.549348762,0.600632013
1956,CA,0.606327054,0.733317051
1956,CO,0.518087927,0.597674318
1956,CT,0.608055257,
1956,DE,0.519564995,
1956,FL,0.563507469,0.741556046
1956,GA,,0.959202188
1956,IA,0.550276052,0.500767133
1956,ID,0.599762046,0.551290039
1956,IL,0.611337526,0.597657018
1956,IN,0.575202163,0.514317806
1956,KS,0.536953185,0.505237389
1956,KY,0.642355104,0.614353989
1956,LA,,0.915725693
1956,MA,0.670293873,0.67527083
1956,MD,0.560352792,0.598546754
1956,ME,0.553300138,0.534409286
1956,MI,0.596666277,0.674123903
1956,MN,0.592928953,0.596144545
1956,MO,0.518367843,0.652231251
1956,MS,,1
1956,MT,,0.564633138
1956,NC,0.626618163,0.798999659
1956,ND,0.624783785,
1956,NE,0.592722797,
1956,NH,0.616868749,
1956,NJ,0.621166611,0.532936696
1956,NM,,1
1956,NV,,0.542152057
1956,NY,0.645614255,0.660437842
1956,OH,0.657301881,0.624853154
1956,OK,0.571567862,0.661864585
1956,OR,0.546999655,0.545038665
1956,PA,0.602357621,0.580884455
1956,RI,,0.539899366
1956,SC,,0.963789753
1956,SD,0.558608086,0.524018331
1956,TN,0.860744243,0.857140703
1956,TX,0.556156124,0.950845345
1956,UT,0.592796362,
1956,VA,0.595060343,0.680118242
1956,VT,0.671287039,
1956,WA,0.54811665,0.585400381
1956,WI,0.616876136,0.582765448
1956,WV,0.515574177,0.554858943
1956,WY,0.581904302,
1958,AK,,0.574479895
1958,AL,,0.984818487
1958,AR,,1
1958,AZ,0.592464657,0.608994503
1958,CA,0.567315819,0.770640144
1958,CO,0.502141725,0.615059312
1958,CT,,0.540989876
1958,DE,,0.502282597
1958,FL,0.587837888,0.912126455
1958,GA,,1
1958,IA,0.528215336,0.534096558
1958,ID,0.550218188,0.624167628
1958,IL,0.580463774,0.667537619
1958,IN,0.520348074,0.554413993
1958,KS,0.509070473,0.518725265
1958,KY,0.680420855,0.787122394
1958,LA,,0.989758538
1958,MA,0.649140304,0.799533123
1958,MD,,0.667416383
1958,ME,0.559493953,0.567117695
1958,MI,0.580064539,0.699820613
1958,MN,0.550781021,0.619728306
1958,MO,0.519132203,0.664278771
1958,MS,,1
1958,MT,,0.652374417
1958,NC,0.519215391,0.825178571
1958,ND,0.553548183,0.519401521
1958,NE,0.590889088,0.53673159
1958,NH,0.586656684,
1958,NJ,0.553477927,0.650639077
1958,NM,,0.625860807
1958,NV,,0.668703236
1958,NY,0.591610526,0.705640681
1958,OH,0.578874298,0.649895862
1958,OK,0.512540827,0.786115911
1958,OR,0.549078731,0.610562804
1958,PA,0.590524577,0.611133263
1958,RI,,0.631078602
1958,SC,,1
1958,SD,0.555898186,0.534433421
1958,TN,0.632439129,0.988029911
1958,TX,0.525803098,0.976230591
1958,UT,0.5389614,0.511148969
1958,VA,0.549632389,0.970173123
1958,VT,,0.514653493
1958,WA,0.577278892,0.70920329
1958,WI,0.5777156,0.618689048
1958,WV,0.545894479,0.680276551
1958,WY,0.535820361,
1960,AK,,0.567969795
1960,AL,,0.940487264
1960,AR,,0.971164473
1960,AZ,0.592299709,0.557496658
1960,CA,0.604228941,0.692189234
1960,CO,0.548297103,0.642732984
1960,CT,0.509011373,0.556108154
1960,DE,,0.504857014
1960,FL,0.584263366,0.8233928
1960,GA,,0.974165443
1960,HI,,0.743691106
1960,IA,0.566124982,0.533049359
1960,ID,,0.557713813
1960,IL,0.585009799,0.639473244
1960,IN,0.556220713,0.551458551
1960,KS,0.562169402,0.554560708
1960,KY,0.718031666,0.737795481
1960,LA,,0.879409634
1960,MA,0.605656711,0.861017079
1960,MD,0.520322263,0.641219013
1960,ME,0.570691459,
1960,MI,0.601995454,0.685726018
1960,MN,0.559641608,0.633280027
1960,MO,0.55786848,0.646242447
1960,MS,,0.977206385
1960,MT,0.509006138,0.532652751
1960,NC,0.585524928,0.662259992
1960,ND,0.533325492,
1960,NE,0.561902174,
1960,NH,0.584255156,
1960,NJ,0.572259335,0.616648747
1960,NM,,0.584845944
1960,NV,,0.575432907
1960,NY,0.577795322,0.677830211
1960,OH,0.602485194,0.622271869
1960,OK,0.638233809,0.619108307
1960,OR,0.580784383,0.617345413
1960,PA,0.585382259,0.649002058
1960,RI,,0.683028159
1960,SC,,1
1960,SD,0.572976606,
1960,TN,0.877044539,1
1960,TX,0.573207705,0.943883252
1960,UT,,0.504221092
1960,VA,0.775118534,0.865723474
1960,VT,0.571661768,
1960,WA,0.609954577,0.517318366
1960,WI,0.648493282,0.598362299
1960,WV,0.60309969,0.60896474
1960,WY,0.522894939,
1962,AK,,0.56036375
1962,AL,,0.863326065
1962,AR,,0.867009019
1962,AZ,0.586726631,0.571246871
1962,CA,0.640697702,0.626692106
1962,CO,0.582523883,0.57322466
1962,CT,0.52006809,0.551745548
1962,DE,,0.530150229
1962,FL,0.582215104,0.746204634
1962,GA,,0.92796473
1962,HI,,0.681569318
1962,IA,0.568375529,0.627656144
1962,ID,,0.529350774
1962,IL,0.615875221,0.634723439
1962,IN,0.547050118,0.549991848
1962,KS,0.609293212,
1962,KY,0.754076606,0.820057408
1962,LA,,0.914038797
1962,MA,0.6352157,0.784285854
1962,MD,0.570506603,0.682361628
1962,ME,0.553789107,
1962,MI,0.60374991,0.675893005
1962,MN,0.579697323,0.567778486
1962,MO,0.570091082,0.612744312
1962,MS,,1
1962,MT,0.554378975,0.527763806
1962,NC,0.532168741,0.738352263
1962,ND,0.543309123,
1962,NE,0.629150939,
1962,NH,0.553058278,
1962,NJ,0.584580872,0.673119086
1962,NM,,0.584572945
1962,NV,,0.716493078
1962,NY,0.611891439,0.668605922
1962,OH,0.622088877,0.639739827
1962,OK,0.68603127,0.758205494
1962,OR,0.618250529,0.613041549
1962,PA,0.604626609,0.605998928
1962,RI,,0.642818993
1962,SC,,0.911338493
1962,SD,0.60358276,
1962,TN,0.589280232,0.917589996
1962,TX,0.550641989,0.742489982
1962,UT,0.523960796,
1962,VA,0.604144409,0.796306888
1962,VT,0.567103669,
1962,WA,0.654491793,0.653377368
1962,WI,0.609684531,0.610366772
1962,WV,0.598929299,0.628388577
1962,WY,0.613776465,
1964,AK,,0.515177681
1964,AL,0.603747556,0.84329073
1964,AR,,0.886859014
1964,AZ,0.552794127,0.551077107
1964,CA,0.617611423,0.665696595
1964,CO,,0.581822757
1964,CT,,0.624983377
1964,DE,,0.565722629
1964,FL,0.605717456,0.868372749
1964,GA,0.574497338,0.80688336
1964,HI,,0.629301546
1964,IA,0.501258326,0.556366792
1964,ID,0.522222222,0.517184898
1964,IL,0.571065836,0.676028081
1964,IN,0.527427528,0.568488274
1964,KS,0.560418694,
1964,KY,0.53138119,0.706984527
1964,LA,,0.793481512
1964,MA,0.704444617,0.904709313
1964,MD,0.537849826,0.755834951
1964,ME,0.500532548,0.620041474
1964,MI,0.572017409,0.670896142
1964,MN,0.553578094,0.641557025
1964,MO,0.524225795,0.676785994
1964,MS,0.5569994,1
1964,MT,0.541039935,0.539205415
1964,NC,0.547413088,0.704349928
1964,ND,0.523975208,0.525395878
1964,NE,0.529809378,0.5132748
1964,NH,0.501191409,0.513496845
1964,NJ,0.590741602,0.636952775
1964,NM,,0.566707896
1964,NV,,0.632934823
1964,NY,0.570684011,0.700776272
1964,OH,0.577424311,0.647152831
1964,OK,0.635222293,0.735820128
1964,OR,0.53063976,0.661848238
1964,PA,0.573082302,0.676099186
1964,RI,,0.738020075
1964,SC,,0.886204719
1964,SD,0.567545091,
1964,TN,0.603657019,0.817736909
1964,TX,,0.710375771
1964,UT,0.559733047,0.575388257
1964,VA,0.534571362,0.707395372
1964,VT,0.564422283,
1964,WA,0.625812864,0.572277294
1964,WI,0.586825889,0.632066353
1964,WV,0.614275939,0.65381784
1964,WY,,0.507943237
1966,AK,0.516485351,
1966,AL,0.612818573,0.788657713
1966,AR,0.53143143,0.88330304
1966,AZ,0.620414773,0.595805206
1966,CA,0.680975392,0.629993119
1966,CO,0.5232058,0.554510037
1966,CT,0.506311352,0.562329473
1966,DE,0.557724734,
1966,FL,0.772947562,0.884869338
1966,GA,0.551460505,0.744268567
1966,HI,,0.684184627
1966,IA,0.564132508,0.573821767
1966,ID,0.610752513,
1966,IL,0.672755784,0.610515149
1966,IN,0.593333764,0.549526378
1966,KS,0.630117232,
1966,KY,0.627901701,0.658643811
1966,LA,,0.881100364
1966,MA,0.693237546,0.886159901
1966,MD,0.655771223,0.746785151
1966,ME,,0.547288771
1966,MI,0.618027068,0.702555088
1966,MN,0.624267916,0.710151474
1966,MO,0.642614916,0.611858692
1966,MS,,0.840380875
1966,MT,0.601751067,0.508322731
1966,NC,0.637902775,0.674840585
1966,ND,0.590766292,
1966,NE,0.627955453,
1966,NH,0.615331692,
1966,NJ,0.64640681,0.607114621
1966,NM,,0.531990328
1966,NV,,0.676315995
1966,NY,0.655313147,0.674405156
1966,OH,0.645237838,0.709042598
1966,OK,0.60506936,0.626776924
1966,OR,0.685187595,0.651094857
1966,PA,0.649033225,0.608227838
1966,RI,,0.607365418
1966,SC,0.643416276,0.838991213
1966,SD,0.63605216,
1966,TN,0.738093129,0.778587104
1966,TX,0.584115163,0.926963478
1966,UT,0.638734068,
1966,VA,0.625355098,0.859054292
1966,VT,0.656379844,
1966,WA,0.737354016,0.617872803
1966,WI,0.613385769,0.675276996
1966,WV,0.709147232,0.613153133
1966,WY,0.523009981,
1968,AK,0.542258779,
1968,AL,0.627740234,0.897971687
1968,AR,0.67123635,0.896251691
1968,AZ,0.674885617,0.702925737
1968,CA,0.731002528,0.6300942
1968,CO,0.628549593,0.530883887
1968,CT,0.571767152,0.573230173
1968,DE,0.586729409,
1968,FL,0.721789582,0.692396645
1968,GA,0.565828386,0.960229825
1968,HI,,0.729790649
1968,IA,0.60170851,0.585881867
1968,ID,0.569787709,
1968,IL,0.671334295,0.637154103
1968,IN,0.574899468,0.541516803
1968,KS,0.622086616,
1968,KY,0.649248756,0.688775563
1968,LA,,0.894620269
1968,MA,0.787713838,0.780297618
1968,MD,0.600516762,0.713799347
1968,ME,,0.561644824
1968,MI,0.626952992,0.77185088
1968,MN,0.600923155,0.623002524
1968,MO,0.637601395,0.591709426
1968,MS,,0.940093018
1968,MT,0.678485927,0.536156641
1968,NC,0.646029008,0.687971411
1968,ND,0.592654709,
1968,NE,0.594958608,
1968,NH,0.67256346,
1968,NJ,0.639880256,0.593927375
1968,NM,0.519129502,
1968,NV,,0.721438221
1968,NY,0.656363616,0.676556605
1968,OH,0.689297638,0.648555485
1968,OK,0.573199195,0.626363106
1968,OR,0.697701321,0.668868551
1968,PA,0.637639508,0.652980042
1968,RI,,0.611642915
1968,SC,0.575831606,0.731200157
1968,SD,0.586695309,
1968,TN,0.721973706,0.709884552
1968,TX,0.748604424,0.842564235
1968,UT,0.648848387,
1968,VA,0.663101187,0.680124039
1968,VT,1,
1968,WA,0.643826482,0.584049541
1968,WI,0.629735753,0.669385612
1968,WV,,0.612519675
1968,WY,0.627370999,
1970,AK,,0.55113381
1970,AL,0.672854807,0.970925449
1970,AR,0.667001518,1
1970,AZ,0.652845816,0.697870834
1970,CA,0.661992426,0.691912188
1970,CO,0.583289182,0.603568301
1970,CT,0.551483537,0.532491746
1970,DE,0.546637978,
1970,FL,0.656874125,0.784342813
1970,GA,0.612564518,0.920000414
1970,HI,,0.864459143
1970,IA,0.567215848,0.634318236
1970,ID,0.628729607,
1970,IL,0.643788795,0.715934826
1970,IN,0.545888153,0.591718225
1970,KS,0.602477081,0.537978846
1970,KY,0.73517515,0.780551256
1970,LA,,0.965561421
1970,MA,0.676798821,0.761346473
1970,MD,0.669832845,0.697607546
1970,ME,,0.61685579
1970,MI,0.623238755,0.800697581
1970,MN,0.588806941,0.653041053
1970,MO,1,0.659105606
1970,MS,,0.92731373
1970,MT,0.504754513,0.640888422
1970,NC,0.594852658,0.704572715
1970,ND,0.656932712,0.502631999
1970,NE,0.600131583,
1970,NH,0.685221175,
1970,NJ,0.600659866,0.641285104
1970,NM,0.585338768,0.513711064
1970,NV,,0.824567904
1970,NY,0.671691813,0.747072682
1970,OH,0.66645073,0.692228654
1970,OK,0.599393322,0.771294393
1970,OR,0.650732814,0.725134238
1970,PA,0.60820792,0.707202391
1970,RI,,0.641401379
1970,SC,0.533785434,0.813266079
1970,SD,,0.541192737
1970,TN,0.64363718,0.8181677
1970,TX,0.751327717,0.871732887
1970,UT,0.528580485,0.51685898
1970,VA,0.628626855,0.772511437
1970,VT,0.700346105,
1970,WA,0.668247747,0.648551436
1970,WI,0.566924484,0.712683159
1970,WV,,0.654819111
1970,WY,,0.50261384
1972,AK,,0.56237356
1972,AL,0.669089586,0.809275354
1972,AR,0.77289203,1
1972,AZ,0.577661179,0.634677902
1972,CA,0.638615467,0.708822742
1972,CO,0.602059175,0.59204023
1972,CT,0.600688406,0.570241054
1972,DE,0.62921053,
1972,FL,0.752019959,0.695995268
1972,GA,0.759128976,0.85945168
1972,HI,,0.558908464
1972,IA,0.544676941,0.57546007
1972,ID,0.637458269,
1972,IL,0.662292787,0.750732914
1972,IN,0.595846238,0.56847628
1972,KS,0.74710086,0.620238463
1972,KY,0.736828837,0.609662792
1972,LA,0.540152419,0.97484551
1972,MA,0.848153,0.799111594
1972,MD,0.641733698,0.700912687
1972,ME,0.543868178,0.593625571
1972,MI,0.63191509,0.692431527
1972,MN,0.613950096,0.700828236
1972,MO,0.637161517,0.628531399
1972,MS,0.538701464,0.880386023
1972,MT,0.537398295,0.760517176
1972,NC,0.641151495,0.73054084
1972,ND,0.728384475,
1972,NE,0.659219251,
1972,NH,0.702635689,
1972,NJ,0.604748807,0.606557384
1972,NM,0.556818502,0.721727892
1972,NV,0.521511454,
1972,NY,0.654499901,0.739429532
1972,OH,0.686414751,0.741727832
1972,OK,0.726921846,0.716550878
1972,OR,0.655694098,0.812403929
1972,PA,0.661625703,0.629817782
1972,RI,,0.637001215
1972,SC,0.771829082,0.641738235
1972,SD,0.548740696,0.605277156
1972,TN,0.696311048,0.715049728
1972,TX,0.665333364,0.861058429
1972,UT,,0.561115698
1972,VA,0.624300609,0.926967002
1972,VT,0.65017797,
1972,WA,0.506168251,0.699541617
1972,WI,0.589841003,0.704082784
1972,WV,,0.660417059
1972,WY,,0.516968674
1974,AK,0.538370117,
1974,AL,0.619346824,1
1974,AR,0.518258932,0.831641763
1974,AZ,0.537074382,0.619539952
1974,CA,0.592485117,0.727336891
1974,CO,0.55905801,0.60728044
1974,CT,0.526528044,0.637015529
1974,DE,0.596417402,
1974,FL,0.662383509,0.864506371
1974,GA,,0.745480861
1974,HI,,0.6096837
1974,IA,0.508443651,0.551763296
1974,ID,0.569632685,
1974,IL,0.593508642,0.747276722
1974,IN,0.570603772,0.589147091
1974,KS,0.592010344,0.556434163
1974,KY,0.608297713,0.75834218
1974,LA,0.563230049,0.974692857
1974,MA,0.676468298,0.869635861
1974,MD,0.590181664,0.774444308
1974,ME,0.607750687,
1974,MI,0.54930246,0.699586472
1974,MN,0.586969777,0.703169761
1974,MO,0.52339937,0.700296375
1974,MS,0.772293116,0.901608255
1974,MT,,0.588973796
1974,NC,0.548085814,0.757397724
1974,ND,0.55708466,
1974,NE,0.52900105,
1974,NH,0.6423078,0.521330738
1974,NJ,0.584782124,0.679707345
1974,NM,0.596220741,0.676771393
1974,NV,,0.604887405
1974,NY,0.614464833,0.764363539
1974,OH,0.624653861,0.70923638
1974,OK,,0.72191816
1974,OR,,0.643962539
1974,PA,0.589658986,0.725292874
1974,RI,,0.75573696
1974,SC,0.565925044,0.625388623
1974,SD,0.615427855,
1974,TN,0.639288337,0.805951254
1974,TX,0.653117896,0.833067882
1974,UT,,0.589254495
1974,VA,0.566158423,0.823796713
1974,VT,0.569589696,
1974,WA,0.708224978,0.647030519
1974,WI,0.586384889,0.667708906
1974,WV,,0.731449895
1974,WY,,0.547012991
1976,AK,0.710013908,
1976,AL,0.590536177,0.950956136
1976,AR,1,0.850803466
1976,AZ,0.54343339,0.562628974
1976,CA,0.623627275,0.693212665
1976,CO,0.634051118,0.520327964
1976,CT,0.646098506,0.589771207
1976,DE,0.519346998,
1976,FL,0.644944312,0.845360523
1976,GA,,0.779364564
1976,HI,,0.683069
1976,IA,0.542563777,0.633605789
1976,ID,0.525947718,
1976,IL,0.655321507,0.729843745
1976,IN,0.597952679,0.636712077
1976,KS,0.686833107,0.512874993
1976,KY,0.614853829,0.747403913
1976,LA,0.692657355,0.813332226
1976,MA,0.818885435,0.789146038
1976,MD,0.547722448,0.765845998
1976,ME,0.685325627,
1976,MI,0.581164635,0.700805484
1976,MN,0.656268667,0.749968487
1976,MO,0.605545082,0.629640542
1976,MS,0.730421622,0.859158802
1976,MT,0.549558846,0.66446741
1976,NC,0.567610587,0.733741327
1976,ND,0.634525258,
1976,NE,0.739482405,0.546093461
1976,NH,0.605334037,0.691538427
1976,NJ,0.639607602,0.647241615
1976,NM,0.724582975,0.703285257
1976,NV,,0.864563216
1976,NY,0.642893532,0.771605561
1976,OH,0.658362577,0.70971019
1976,OK,0.512708356,0.678973045
1976,OR,,0.723528207
1976,PA,0.664387438,0.648601006
1976,RI,,0.702098061
1976,SC,0.579234593,0.69945524
1976,SD,0.751594317,
1976,TN,0.619037383,0.859293667
1976,TX,0.870210403,0.735796254
1976,UT,0.566323419,0.59361948
1976,VA,0.711066708,0.783141003
1976,VT,0.67398462,
1976,WA,0.735567104,0.64613101
1976,WI,0.646333366,0.705478371
1976,WV,,0.757744675
1976,WY,,0.564444123
1978,AK,0.554985603,
1978,AL,0.598811845,0.99421673
1978,AR,0.648387815,1
1978,AZ,0.680345613,0.768133517
1978,CA,0.640105477,0.660910731
1978,CO,0.623593046,0.55143449
1978,CT,0.583636768,0.611802151
1978,DE,0.585677602,
1978,FL,0.766077099,0.778213159
1978,GA,0.54407193,0.888719872
1978,HI,,0.829190496
1978,IA,0.637971636,0.633044444
1978,ID,0.586149182,
1978,IL,0.706962096,0.733704253
1978,IN,0.60377764,0.613794061
1978,KS,0.774955897,0.695443529
1978,KY,0.657848352,0.860537032
1978,LA,0.92352461,0.794440912
1978,MA,0.805723938,0.844926121
1978,MD,0.627740437,0.807556234
1978,ME,0.593159607,
1978,MI,0.642843502,0.716786254
1978,MN,0.617768009,0.689116822
1978,MO,0.585602752,0.690759615
1978,MS,0.830990084,0.741066358
1978,MT,0.568617444,0.573023603
1978,NC,0.844862278,0.706108561
1978,ND,0.684763767,
1978,NE,0.690724594,0.523147771
1978,NH,0.681288836,0.627309828
1978,NJ,0.630522029,0.677894717
1978,NM,0.625278019,1
1978,NV,,0.748923352
1978,NY,0.713656171,0.745142318
1978,OH,0.693559938,0.706628211
1978,OK,0.85642882,0.698488072
1978,OR,,0.72101885
1978,PA,0.679941549,0.640073266
1978,RI,,0.56926183
1978,SC,0.551809687,0.856381731
1978,SD,0.560429467,0.500537813
1978,TN,0.736637874,0.805350275
1978,TX,0.731801983,0.702761705
1978,UT,0.638118398,0.524770847
1978,VA,0.830364102,0.762691602
1978,VT,0.796095369,
1978,WA,0.654721975,0.565572429
1978,WI,0.630879466,0.630345225
1978,WV,,0.694835913
1978,WY,0.586309777,
1980,AK,0.740784749,
1980,AL,0.720356108,0.934690186
1980,AR,0.89505327,1
1980,AZ,0.700059233,0.636332547
1980,CA,0.67877243,0.672928384
1980,CO,0.719818175,0.58275418
1980,CT,0.577733154,0.564956021
1980,DE,0.622321209,
1980,FL,0.723113482,0.693140062
1980,GA,0.590562895,0.786683019
1980,HI,,0.916074529
1980,IA,0.569023708,0.595169103
1980,ID,0.562635085,
1980,IL,0.682962396,0.759628497
1980,IN,0.598371001,0.585493564
1980,KS,0.621774447,0.689299828
1980,KY,0.64569368,0.823719718
1980,LA,0.907563664,0.890818095
1980,MA,0.67750989,0.769463138
1980,MD,0.718608933,0.690623263
1980,ME,0.734971826,
1980,MI,0.682485747,0.703317834
1980,MN,0.625667953,0.676885681
1980,MO,0.626792247,0.677814031
1980,MS,0.654580424,0.775194973
1980,MT,0.590635719,0.614270164
1980,NC,0.58214135,0.676467772
1980,ND,,0.571665568
1980,NE,0.724707406,
1980,NH,0.641389383,0.607916813
1980,NJ,0.656577857,0.658187066
1980,NM,0.518957328,
1980,NV,,0.723296973
1980,NY,0.675011358,0.768448655
1980,OH,0.702236387,0.720415135
1980,OK,0.709816502,0.656065853
1980,OR,0.506724583,0.642404999
1980,PA,0.69039975,0.687683422
1980,RI,0.553086859,0.67612542
1980,SC,0.647876594,0.801264431
1980,SD,0.583784883,0.657887649
1980,TN,0.920185066,0.766112054
1980,TX,0.68996704,0.759132891
1980,UT,0.604988395,
1980,VA,0.769764287,1
1980,VT,1,
1980,WA,0.692732137,0.583379955
1980,WI,0.641020292,0.648040417
1980,WV,0.543119069,0.700891686
1980,WY,0.685690546,
1982,AK,0.711506781,
1982,AL,0.561138008,0.869989425
1982,AR,0.59911458,0.651940428
1982,AZ,0.666868497,0.614260267
1982,CA,0.673721624,0.658949963
1982,CO,0.643042071,0.596753841
1982,CT,0.544018613,0.585276435
1982,DE,,0.530643129
1982,FL,0.641140332,0.741730056
1982,GA,0.552712058,0.813582582
1982,HI,,1
1982,IA,0.578397856,0.63138661
1982,ID,0.529817212,
1982,IL,0.61193557,0.732427213
1982,IN,0.608279292,0.597421545
1982,KS,0.661893172,0.662964271
1982,KY,0.591668893,0.800320487
1982,LA,1,0.961728226
1982,MA,1,0.776532161
1982,MD,0.611966268,0.727648114
1982,ME,0.589373523,
1982,MI,0.63328621,0.764354353
1982,MN,0.593268092,0.64290723
1982,MO,0.529839032,0.625246666
1982,MS,0.647738361,0.747994428
1982,MT,0.548541325,0.615961696
1982,NC,0.7881852,0.617765281
1982,ND,,0.720834702
1982,NE,0.772991882,
1982,NH,0.708424356,0.552132719
1982,NJ,0.606624836,0.694075356
1982,NM,0.554171618,0.645662867
1982,NV,0.57318318,0.57541645
1982,NY,0.643119438,0.823852138
1982,OH,0.611091492,0.756053442
1982,OK,0.699834549,0.699090302
1982,OR,0.533932986,0.637326403
1982,PA,0.637446214,0.668958837
1982,RI,0.556379333,0.613562808
1982,SC,0.588576515,0.733720574
1982,SD,,0.515584868
1982,TN,0.756492208,0.762467263
1982,TX,0.792313151,0.78759424
1982,UT,0.7221125,
1982,VA,0.634548507,0.638402326
1982,VT,0.74885728,
1982,WA,0.651589863,0.644406658
1982,WI,0.699010171,0.710186873
1982,WV,,0.639683936
1982,WY,0.710937549,
1984,AK,0.568951181,
1984,AL,0.560060864,0.919871135
1984,AR,1,0.843920635
1984,AZ,0.756294764,1
1984,CA,0.73295682,0.681112629
1984,CO,0.77107189,0.584749084
1984,CT,0.629356792,0.564199662
1984,DE,,0.585324654
1984,FL,0.837814466,0.767241145
1984,GA,0.611232192,0.857083387
1984,HI,,0.848409406
1984,IA,0.60536961,0.613544065
1984,ID,0.686243068,0.500419952
1984,IL,0.679290827,0.670292804
1984,IN,0.646692806,0.598374972
1984,KS,0.696076806,0.674955833
1984,KY,0.671161894,0.759757923
1984,LA,0.890554659,0.963313882
1984,MA,0.729295393,0.763479805
1984,MD,0.58806395,0.72806867
1984,ME,0.702685187,
1984,MI,0.655179354,0.717129534
1984,MN,0.644343293,0.664209576
1984,MO,0.666192327,0.679563527
1984,MS,0.677773252,0.851050469
1984,MT,0.659228649,0.672687402
1984,NC,0.551429882,0.599512773
1984,ND,,0.786994419
1984,NE,0.741147429,
1984,NH,0.679540074,
1984,NJ,0.649003463,0.651747344
1984,NM,0.699892523,0.617057996
1984,NV,0.734152533,0.569387327
1984,NY,0.660549102,0.737565803
1984,OH,0.724745634,0.719730469
1984,OK,0.775680608,0.655023777
1984,OR,0.557360364,0.6119536
1984,PA,0.6744395,0.703813876
1984,RI,0.677421457,0.685445985
1984,SC,0.63024545,0.73241264
1984,SD,,0.57365079
1984,TN,0.924475552,0.769937453
1984,TX,0.65046193,0.824271822
1984,UT,0.655482352,
1984,VA,0.728213417,0.763853072
1984,VT,0.710343835,
1984,WA,0.649388105,0.678370298
1984,WI,0.716801331,0.696271229
1984,WV,,0.588647363
1984,WY,0.75090037,
1986,AK,0.578890203,
1986,AL,0.833493377,0.7392548
1986,AR,0.798032509,0.744509347
1986,AZ,0.751921702,0.759023595
1986,CA,0.69517947,0.716653812
1986,CO,0.685122194,0.572313298
1986,CT,0.595356682,0.705112759
1986,DE,,0.6642039
1986,FL,0.881397762,0.82718936
1986,GA,0.563861123,0.869190277
1986,HI,0.612514133,0.777821747
1986,IA,0.594723021,0.614904206
1986,ID,0.670671857,0.543539615
1986,IL,0.705602357,0.702119894
1986,IN,0.64160252,0.619903264
1986,KS,0.825304028,0.675701912
1986,KY,0.766337871,0.883099897
1986,LA,0.674445948,0.985150918
1986,MA,0.778184034,0.90924378
1986,MD,0.557620694,0.728218493
1986,ME,0.773297156,0.548597979
1986,MI,0.636718855,0.742159075
1986,MN,0.572547212,0.7146923
1986,MO,0.570371882,0.728847864
1986,MS,0.823440627,0.724095779
1986,MT,0.534670621,0.616668023
1986,NC,0.529440728,0.613878785
1986,ND,,0.763496171
1986,NE,0.64293936,
1986,NH,0.652879222,
1986,NJ,0.68660468,0.72526465
1986,NM,0.668880876,0.712966824
1986,NV,0.584128695,0.551207075
1986,NY,0.681768447,0.826531429
1986,OH,0.740788106,0.724853623
1986,OK,0.63378027,0.818944547
1986,OR,0.603306472,0.672559392
1986,PA,0.703996428,0.768888796
1986,RI,0.71814728,0.57689491
1986,SC,0.528204098,0.740133801
1986,SD,,0.59181356
1986,TN,0.724652404,0.783912355
1986,TX,0.692478083,0.837931801
1986,UT,0.592984542,0.5578513
1986,VA,0.694657796,0.84803785
1986,VT,1,
1986,WA,0.628828634,0.728636039
1986,WI,0.77421627,0.787775688
1986,WV,,0.76408735
1986,WY,0.694718594,
1988,AK,0.626545647,
1988,AL,0.798618566,0.800358096
1988,AR,0.746906049,0.842174058
1988,AZ,0.776451987,0.733421926
1988,CA,0.675385982,0.740582064
1988,CO,0.706970888,0.702362684
1988,CT,0.709453336,0.691184244
1988,DE,,0.675166406
1988,FL,0.763726401,0.82437079
1988,GA,0.589161092,0.732020936
1988,HI,0.559033029,1
1988,IA,0.615764259,0.675251408
1988,ID,0.657852872,0.652231092
1988,IL,0.694463296,0.696382393
1988,IN,0.627785218,0.63281634
1988,KS,0.812437071,0.686188704
1988,KY,0.827330587,0.722555617
1988,LA,0.759502709,0.951396685
1988,MA,0.827281888,0.867949022
1988,MD,0.67099542,0.742655928
1988,ME,0.662092393,0.632175272
1988,MI,0.683848234,0.72637534
1988,MN,0.602476489,0.715274163
1988,MO,0.594932077,0.693723955
1988,MS,0.549805454,0.719319143
1988,MT,0.555248556,0.607740282
1988,NC,0.631477459,0.681143959
1988,ND,,0.715627925
1988,NE,0.729940752,0.506733163
1988,NH,0.587620904,
1988,NJ,0.711511381,0.715896335
1988,NM,0.758394928,0.731093322
1988,NV,0.585064921,0.655054328
1988,NY,0.725641901,0.809770443
1988,OH,0.764513509,0.739385515
1988,OK,0.624028477,0.844902374
1988,OR,0.564106808,0.805244026
1988,PA,0.759759597,0.78234684
1988,RI,0.638780418,
1988,SC,0.58422465,0.63042064
1988,SD,,0.71736942
1988,TN,0.721924571,0.827217304
1988,TX,0.792289976,0.845825102
1988,UT,0.641053454,0.58296983
1988,VA,0.807386756,0.691348258
1988,VT,0.685790929,
1988,WA,0.669274993,0.740917233
1988,WI,0.718019347,0.722350104
1988,WV,,0.77546478
1988,WY,0.676761381,
1990,AK,0.519210195,
1990,AL,0.756445592,0.822809003
1990,AR,0.705050812,0.656981724
1990,AZ,0.706706197,0.659138072
1990,CA,0.643816718,0.667592215
1990,CO,0.624694486,0.652481582
1990,CT,0.677295559,0.610707623
1990,DE,,0.667049125
1990,FL,0.793518759,0.675165222
1990,GA,0.503110589,0.642662203
1990,HI,,0.645844702
1990,IA,0.725849767,1
1990,ID,,0.583132165
1990,IL,0.81165304,0.731018046
1990,IN,0.605311114,0.600314064
1990,KS,0.606680209,0.66792082
1990,KY,0.897769656,0.693530655
1990,LA,0.777874253,0.880170884
1990,MA,0.775616257,0.812327745
1990,MD,0.693260997,0.719164223
1990,ME,0.510285029,0.601966537
1990,MI,0.639596443,0.727882682
1990,MN,0.644334056,0.678465758
1990,MO,0.537844815,0.581959902
1990,MS,,0.821886234
1990,MT,0.62961198,0.611333
1990,NC,0.602731858,0.623741785
1990,ND,,0.651912828
1990,NE,0.579414066,0.580566335
1990,NH,0.552441499,0.526887699
1990,NJ,0.68508563,0.707014855
1990,NM,0.85107549,0.74459193
1990,NV,0.634671866,0.641156733
1990,NY,0.711762008,0.770329151
1990,OH,0.646957018,0.714637003
1990,OK,0.627720843,0.73814048
1990,OR,0.680373573,0.758531706
1990,PA,0.769058703,0.694068883
1990,RI,0.551602144,0.59213913
1990,SC,0.82756455,0.798837115
1990,SD,,0.67553576
1990,TN,0.873376025,0.769816142
1990,TX,0.85402229,0.790554518
1990,UT,0.543534095,0.603396657
1990,VA,0.604140236,0.92278768
1990,VT,,0.604786139
1990,WA,0.596398138,0.628139603
1990,WI,0.735574575,0.756750688
1990,WV,,0.686408675
1990,WY,0.550934801,
1992,AK,0.522105057,
1992,AL,0.555475632,0.698083887
1992,AR,0.519417744,0.719966484
1992,AZ,0.673845546,0.594574235
1992,CA,0.592826788,0.69360233
1992,CO,0.619536815,0.669530257
1992,CT,0.678024958,0.617200344
1992,DE,0.565833404,
1992,FL,0.660449825,0.634539347
1992,GA,0.552144931,0.621393105
1992,HI,,0.761563711
1992,IA,0.675287141,0.62777305
1992,ID,0.631836118,0.607777797
1992,IL,0.620584393,0.697028745
1992,IN,0.608886992,0.622872427
1992,KS,0.653330799,0.565013285
1992,KY,0.581306867,0.588992776
1992,LA,0.876729069,1
1992,MA,0.541051508,0.705590267
1992,MD,0.608443671,0.791457746
1992,ME,0.539102189,0.650112312
1992,MI,0.686983269,0.618401287
1992,MN,0.614334452,0.619687315
1992,MO,0.586809176,0.62124455
1992,MS,,0.712229206
1992,MT,,0.517978239
1992,NC,0.645137813,0.611537416
1992,ND,,0.590387667
1992,NE,0.657005619,0.512179652
1992,NH,0.555943627,0.633227881
1992,NJ,0.660613729,0.633474062
1992,NM,0.595458777,0.692428658
1992,NV,0.525075575,0.603675381
1992,NY,0.614846012,0.732964874
1992,OH,0.691369821,0.652133886
1992,OK,0.530899085,0.677752033
1992,OR,0.67163994,0.670110494
1992,PA,0.740217446,0.676198645
1992,RI,0.738735509,0.74287213
1992,SC,0.728411593,0.625653883
1992,SD,,0.720217878
1992,TN,0.692571251,0.6899058
1992,TX,0.782463926,0.678483273
1992,UT,0.699618359,0.56780043
1992,VA,0.713638366,0.635895177
1992,VT,,0.680398229
1992,WA,0.640179066,0.598466771
1992,WI,0.629389847,0.649218381
1992,WV,,0.788457738
1992,WY,0.595305802,
1994,AK,0.634875662,
1994,AL,0.733219082,0.727605144
1994,AR,0.597610635,0.553923559
1994,AZ,0.637381728,0.656165475
1994,CA,0.642926238,0.672433215
1994,CO,0.783304228,0.583972273
1994,CT,0.653921242,0.627305852
1994,DE,0.727012115,
1994,FL,0.82796822,0.693866289
1994,GA,0.634194928,0.64696423
1994,HI,,0.648279959
1994,IA,0.580554049,
1994,ID,0.652026099,
1994,IL,0.679575473,0.68444969
1994,IN,0.625859081,0.542819961
1994,KS,0.631400034,
1994,KY,0.660839005,0.544973163
1994,LA,0.838260335,0.768094175
1994,MA,0.534364596,0.793172461
1994,MD,0.66672193,0.715806417
1994,ME,0.518925421,0.528598778
1994,MI,0.699551357,0.637714712
1994,MN,0.644043521,0.566392563
1994,MO,0.667666494,0.613980011
1994,MS,0.630576539,0.635447649
1994,MT,,0.53539194
1994,NC,0.641311018,0.577109027
1994,ND,,0.537416747
1994,NE,0.639374946,
1994,NH,0.611840411,
1994,NJ,0.663839109,0.697473869
1994,NM,0.702158939,0.651174918
1994,NV,0.594960752,
1994,NY,0.692668972,0.771328353
1994,OH,0.718730675,0.655103484
1994,OK,0.678719457,0.737713382
1994,OR,0.556053021,0.652618765
1994,PA,0.782078373,0.646311568
1994,RI,,0.6106666
1994,SC,0.752022308,0.579770383
1994,SD,,0.620271781
1994,TN,0.693003669,0.582675452
1994,TX,0.8195774,0.61115328
1994,UT,0.603202701,0.596730227
1994,VA,0.859710168,0.620647243
1994,VT,,0.517103296
1994,WA,0.560436527,0.667384051
1994,WI,0.73728762,0.57347411
1994,WV,,0.659653449
1994,WY,0.563101247,
1996,AK,0.619938557,
1996,AL,0.608560793,0.646349391
1996,AR,0.603021176,0.533467174
1996,AZ,0.63323949,0.678838765
1996,CA,0.636088462,0.687007696
1996,CO,0.656629323,0.592307593
1996,CT,0.559951567,0.632522538
1996,DE,0.716983027,
1996,FL,0.722920674,0.666308009
1996,GA,0.599600353,0.705760054
1996,HI,,0.591040396
1996,IA,0.565585779,0.508820986
1996,ID,0.606142284,
1996,IL,0.601428031,0.759337046
1996,IN,0.622939126,0.600290525
1996,KS,0.581413055,
1996,KY,0.660581833,0.556950891
1996,LA,0.797920809,1
1996,MA,,0.68790377
1996,MD,0.603834833,0.732222293
1996,ME,,0.648351546
1996,MI,0.651860416,0.671834137
1996,MN,0.614792928,0.640039377
1996,MO,0.607046804,0.674979599
1996,MS,0.647559955,0.601762777
1996,MT,0.548460378,
1996,NC,0.658873991,0.596066539
1996,ND,,0.560245554
1996,NE,0.687038449,
1996,NH,0.527568331,
1996,NJ,0.634235536,0.69502188
1996,NM,0.58170077,0.687703534
1996,NV,0.579699543,
1996,NY,0.61917917,0.765506431
1996,OH,0.659787732,0.688303602
1996,OK,0.624862313,
1996,OR,0.627971691,0.619135855
1996,PA,0.624081275,0.668659464
1996,RI,,0.691256323
1996,SC,0.831839853,0.621210666
1996,SD,0.609246911,
1996,TN,0.636641378,0.682726018
1996,TX,0.763902869,0.657098615
1996,UT,0.593059576,
1996,VA,0.772657929,0.711170096
1996,VT,,0.664600915
1996,WA,0.547079585,0.669932306
1996,WI,0.647693437,0.587631986
1996,WV,,0.896288762
1996,WY,0.575051555,
1998,AK,0.64394121,
1998,AL,0.711417987,0.848630757
1998,AR,0.787610565,0.789863698
1998,AZ,0.615022014,0.707595971
1998,CA,0.683735929,0.762629009
1998,CO,0.645475956,0.601143057
1998,CT,0.64649459,0.61162566
1998,DE,0.675916889,
1998,FL,0.935746961,0.900395419
1998,GA,0.771714208,0.65458682
1998,HI,,0.68486605
1998,IA,0.696666211,0.580329015
1998,ID,0.546440669,
1998,IL,0.750203674,0.75617381
1998,IN,0.655778165,0.606692406
1998,KS,0.672639784,0.523916194
1998,KY,0.606718595,0.534102336
1998,LA,0.901486575,1
1998,MA,,0.784867365
1998,MD,0.655695614,0.78609089
1998,ME,,0.695589667
1998,MI,0.733840532,0.665492984
1998,MN,0.650748097,0.639151755
1998,MO,0.683746932,0.689509516
1998,MS,0.843387256,0.782015751
1998,MT,0.544413158,
1998,NC,0.727589523,0.671380249
1998,ND,,0.577606804
1998,NE,0.797671303,
1998,NH,0.605658129,
1998,NJ,0.642396931,0.695835463
1998,NM,0.557770942,0.551300796
1998,NV,1,0.518890452
1998,NY,0.685937823,0.804255609
1998,OH,0.662248794,0.691009404
1998,OK,0.631312323,
1998,OR,0.638467477,0.700331389
1998,PA,0.747145609,0.700494219
1998,RI,,0.725470979
1998,SC,0.793591561,0.66347898
1998,SD,0.750829498,
1998,TN,0.791314421,0.838296777
1998,TX,0.793240393,0.747623779
1998,UT,0.746083389,
1998,VA,0.886557512,0.879629087
1998,VT,,0.658496787
1998,WA,0.621832704,0.681462904
1998,WI,0.779525024,0.642865756
1998,WV,,0.924416116
1998,WY,0.599020739,
2000,AK,0.807936199,
2000,AL,0.863750274,0.881328552
2000,AR,1,0.562442666
2000,AZ,0.631992169,0.718092015
2000,CA,0.677511303,0.733873262
2000,CO,0.813747052,0.651689463
2000,CT,0.582380865,0.663364028
2000,DE,0.687016884,
2000,FL,0.783379111,0.802428962
2000,GA,0.700019754,0.637958148
2000,HI,,0.669121682
2000,IA,0.629694912,0.650990893
2000,ID,0.702800662,
2000,IL,0.617779664,0.835048789
2000,IN,0.626403584,0.598798059
2000,KS,0.753635348,0.516433416
2000,KY,0.6291691,0.554954478
2000,LA,0.794006573,1
2000,MA,,0.872972737
2000,MD,0.617857918,0.788786333
2000,ME,,0.677531169
2000,MI,0.633230777,0.723753786
2000,MN,0.589833282,0.658864849
2000,MO,0.631027603,0.689605437
2000,MS,0.724614414,0.694085382
2000,MT,0.526715979,
2000,NC,0.734023421,0.649704025
2000,ND,,0.542959659
2000,NE,0.733113661,
2000,NH,0.560047784,
2000,NJ,0.635076698,0.721084915
2000,NM,0.559499124,0.671777295
2000,NV,0.683383583,0.539120344
2000,NY,0.674920838,0.78177947
2000,OH,0.685522981,0.756387655
2000,OK,0.739332456,0.567747228
2000,OR,0.738080466,0.650597277
2000,PA,0.693390442,0.74909224
2000,RI,,0.741651128
2000,SC,0.725380515,0.666112279
2000,SD,0.74686494,
2000,TN,0.803798896,0.776262058
2000,TX,0.745874246,0.767724974
2000,UT,0.663954253,0.575172031
2000,VA,0.732592338,0.837225173
2000,VT,,0.80237859
2000,WA,0.617428896,0.662904519
2000,WI,0.701343511,0.63646175
2000,WV,0.513613698,1
2000,WY,0.700532382,
2002,AK,0.81172683,
2002,AL,0.76517246,0.87392225
2002,AR,1,0.757995095
2002,AZ,0.631197122,0.660991671
2002,CA,0.698013713,0.71200899
2002,CO,0.634918845,0.655863409
2002,CT,0.580512831,0.678680466
2002,DE,0.729580349,
2002,FL,0.757486083,0.822629669
2002,GA,0.736191189,0.774335111
2002,HI,,0.664663057
2002,IA,0.571822223,0.542515471
2002,ID,0.650966624,
2002,IL,0.693190094,0.786754591
2002,IN,0.6367995,0.585106993
2002,KS,0.745916382,0.516933753
2002,KY,0.731273748,0.518075631
2002,LA,0.932574894,0.785606361
2002,MA,,0.869051749
2002,MD,0.714876092,0.657128446
2002,ME,,0.579066761
2002,MI,0.660500209,0.827378523
2002,MN,0.634800601,0.677306621
2002,MO,0.704541405,0.670672213
2002,MS,0.696732675,0.671551263
2002,MT,0.664219922,
2002,NC,0.737101281,0.648292555
2002,ND,,0.524057482
2002,NE,0.885826752,
2002,NH,0.591628491,
2002,NJ,0.661281315,0.7638955
2002,NM,0.557997553,1
2002,NV,0.69457375,0.557006756
2002,NY,0.790623983,0.788030004
2002,OH,0.708461523,0.691246087
2002,OK,0.691147931,0.741218899
2002,OR,0.736115735,0.640195463
2002,PA,0.777649742,0.726611297
2002,RI,,0.695089238
2002,SC,0.845374483,0.838232393
2002,SD,0.539509529,
2002,TN,0.79559112,0.715251666
2002,TX,0.774397588,0.73552911
2002,UT,0.66121256,0.503731462
2002,VA,0.881052665,0.757833523
2002,VT,,0.665524385
2002,WA,0.648383136,0.62658767
2002,WI,0.859807284,0.738850082
2002,WV,0.600430118,0.851098295
2002,WY,0.625625745,
2004,AK,0.760697849,
2004,AL,0.741460433,0.740440965
2004,AR,0.608934481,0.74912621
2004,AZ,0.742996857,0.690167635
2004,CA,0.691260817,0.740133462
2004,CO,0.605035524,0.653332735
2004,CT,0.558937234,0.736734241
2004,DE,0.699409145,
2004,FL,0.77036579,0.902622666
2004,GA,0.867486359,0.742062241
2004,HI,,0.638616836
2004,IA,0.601030285,0.55246197
2004,ID,0.701423722,
2004,IL,0.646697509,0.767298296
2004,IN,0.630800045,0.618636835
2004,KS,0.75219526,0.55841768
2004,KY,0.704168362,0.594280699
2004,LA,0.780260187,0.646287306
2004,MA,,0.850514361
2004,MD,0.727348043,0.720824778
2004,ME,,0.596282046
2004,MI,0.646535174,0.741551943
2004,MN,0.599164171,0.676263644
2004,MO,0.682506325,0.636350583
2004,MS,1,0.621009101
2004,MT,0.662700784,
2004,NC,0.639298753,0.648648474
2004,ND,,0.59562954
2004,NE,0.692748851,
2004,NH,0.619088034,
2004,NJ,0.639038683,0.742663428
2004,NM,0.573172238,0.686779988
2004,NV,0.641863608,0.679484571
2004,NY,0.665774763,0.774416028
2004,OH,0.642442458,0.794786363
2004,OK,0.819103747,0.658903949
2004,OR,0.736453501,0.628347578
2004,PA,0.706178879,0.846204658
2004,RI,,0.71154423
2004,SC,0.841923587,0.650530233
2004,SD,,0.53751875
2004,TN,0.805639711,0.694254124
2004,TX,0.719325367,0.738958101
2004,UT,0.680377968,0.558908509
2004,VA,0.760432699,0.638697187
2004,VT,,0.753848652
2004,WA,0.582327077,0.675544785
2004,WI,0.684013763,0.727464564
2004,WV,0.581843684,0.664866068
2004,WY,0.569191197,
2006,AK,0.585746309,
2006,AL,0.737355006,1
2006,AR,0.622319882,0.681746209
2006,AZ,0.688158348,0.617255944
2006,CA,0.649000976,0.77454297
2006,CO,0.568522734,0.72518025
2006,CT,0.51713925,0.645392311
2006,DE,0.595940562,
2006,FL,0.628250585,0.858386368
2006,GA,0.706444771,0.688868664
2006,HI,,0.651953665
2006,IA,0.597024196,0.533991652
2006,ID,0.585033263,
2006,IL,0.588845417,0.784857004
2006,IN,0.61019949,0.586609101
2006,KS,0.724696977,0.587507809
2006,KY,0.607794555,0.756192038
2006,LA,0.820725061,0.788609942
2006,MA,,0.916615072
2006,MD,0.647009446,0.822905787
2006,ME,,0.682655273
2006,MI,0.600048223,0.839561315
2006,MN,0.592148213,0.660570784
2006,MO,0.662079041,0.695949648
2006,MS,0.829578851,0.720313601
2006,MT,0.600753693,
2006,NC,0.625153902,0.69832846
2006,ND,,0.656802423
2006,NE,0.560035749,
2006,NH,,0.524642485
2006,NJ,0.596334752,0.798066421
2006,NM,0.548376081,0.746423217
2006,NV,0.519127843,0.675112353
2006,NY,0.550365276,0.806119499
2006,OH,0.570939004,0.698703811
2006,OK,0.653061701,0.727355417
2006,OR,0.687575991,0.647526136
2006,PA,0.580808456,0.696399497
2006,RI,,0.874330459
2006,SC,0.633999793,0.611272849
2006,SD,,0.701935845
2006,TN,0.683008685,0.711769663
2006,TX,0.66152988,0.768296728
2006,UT,0.650890541,0.61265491
2006,VA,0.692953954,0.787591737
2006,VT,,0.544370381
2006,WA,0.55928512,0.691319939
2006,WI,0.753786574,0.628612281
2006,WV,0.571819176,0.668472291
2006,WY,0.502725412,
2008,AK,0.527162611,
2008,AL,0.822394428,0.673710186
2008,AR,1,1
2008,AZ,0.607149751,0.625584318
2008,CA,0.621656394,0.802372968
2008,CO,0.61255351,0.642694508
2008,CT,,0.664545947
2008,DE,0.616535427,
2008,FL,0.610555228,0.751469463
2008,GA,0.66737561,0.768729926
2008,HI,,0.795222144
2008,IA,0.610577147,0.604828287
2008,ID,0.710421018,0.506057511
2008,IL,0.598427322,0.779160376
2008,IN,0.623051014,0.662217205
2008,KS,0.681735477,0.58733413
2008,KY,0.699890389,0.620116222
2008,LA,0.643386917,1
2008,MA,,0.89200914
2008,MD,0.598264673,0.736636485
2008,ME,,0.611671672
2008,MI,0.615634498,0.716968427
2008,MN,0.544342553,0.701017561
2008,MO,0.64119921,0.747161029
2008,MS,0.625375144,0.663227342
2008,MT,0.664233419,
2008,NC,0.624578946,0.65854334
2008,ND,,0.619741054
2008,NE,0.66387225,
2008,NH,,0.553460851
2008,NJ,0.601803795,0.719344268
2008,NM,,0.588910705
2008,NV,0.555679929,0.616755616
2008,NY,0.62269853,0.750901245
2008,OH,0.612161069,0.645437239
2008,OK,0.690310723,0.704690719
2008,OR,0.729652786,0.841878837
2008,PA,0.602799873,0.665065804
2008,RI,,0.720138532
2008,SC,0.581243318,0.650046268
2008,SD,,0.675557444
2008,TN,0.732285513,0.857655114
2008,TX,0.748468268,0.741433781
2008,UT,0.689555095,0.647591042
2008,VA,0.605791054,0.713559154
2008,VT,,1
2008,WA,0.603843057,0.683544185
2008,WI,0.762011048,0.698017292
2008,WV,0.570723563,0.834596321
2008,WY,0.551440744,
2010,AK,0.693244792,
2010,AL,0.780850153,0.724847019
2010,AR,0.623350467,0.588942846
2010,AZ,0.601802562,0.582666619
2010,CA,0.656031269,0.694531012
2010,CO,0.61183468,0.62159265
2010,CT,,0.591992489
2010,DE,,0.58044049
2010,FL,0.712504845,0.712773288
2010,GA,0.785292442,0.651683843
2010,HI,,0.636296121
2010,IA,0.671374013,0.51942725
2010,ID,0.645485718,
2010,IL,0.60935942,0.76826436
2010,IN,0.656081696,0.572876736
2010,KS,0.660952975,
2010,KY,0.715087762,0.527712244
2010,LA,0.792655707,0.658664023
2010,MA,,0.639860542
2010,MD,0.60604724,0.714327747
2010,ME,,0.559773306
2010,MI,0.633909239,0.647619082
2010,MN,0.581889442,0.622694815
2010,MO,0.71554129,0.605243513
2010,MS,0.595534703,0.620205387
2010,MT,0.640942146,
2010,NC,0.675429612,0.571422374
2010,ND,0.549207934,
2010,NE,0.705819578,
2010,NH,0.534260713,
2010,NJ,0.642078317,0.659888315
2010,NM,0.554028581,0.54432479
2010,NV,0.581546591,0.636374283
2010,NY,0.580789588,0.714859863
2010,OH,0.624214167,0.633861264
2010,OK,0.856026056,0.565238287
2010,OR,0.740774663,0.597365849
2010,PA,0.618167075,0.676681328
2010,RI,,0.592598925
2010,SC,0.623559553,0.633247527
2010,SD,0.511845137,
2010,TN,0.712023574,0.659298187
2010,TX,0.776805316,0.652168222
2010,UT,0.751125243,0.522928045
2010,VA,0.643776814,0.614398825
2010,VT,,0.66840271
2010,WA,0.590829802,0.643260699
2010,WI,0.641182664,0.612561101
2010,WV,0.600745937,0.560386473
2010,WY,0.742048932,
2012,AK,0.690828154,
2012,AL,0.730257057,0.758988755
2012,AR,0.697815375,
2012,AZ,0.666384519,0.63133454
2012,CA,0.672859087,0.74596728
2012,CO,0.672334576,0.625474843
2012,CT,,0.654823771
2012,DE,,0.658255419
2012,FL,0.673819648,0.730083323
2012,GA,0.785949644,0.694378408
2012,HI,,0.675776726
2012,IA,0.54320457,0.572305076
2012,ID,0.661715068,
2012,IL,0.621344508,0.662447119
2012,IN,0.595076867,0.650666817
2012,KS,0.814710904,
2012,KY,0.660950677,0.649342273
2012,LA,0.955933196,0.855875164
2012,MA,,0.773428375
2012,MD,0.697696537,0.703810373
2012,ME,,0.614928115
2012,MI,0.588717603,0.743794678
2012,MN,0.542846142,0.633160383
2012,MO,0.665475403,0.718068259
2012,MS,0.770157263,0.68434255
2012,MT,0.554874274,
2012,NC,0.574811035,0.702306437
2012,ND,0.568070304,
2012,NE,0.644192609,
2012,NH,,0.522476292
2012,NJ,0.5872459,0.747189631
2012,NM,0.591012772,0.611421788
2012,NV,0.577045955,0.605927521
2012,NY,0.545956886,0.738368458
2012,OH,0.622033089,0.802394335
2012,OK,0.675396564,
2012,OR,0.702137421,0.648983297
2012,PA,0.594922862,0.763492459
2012,RI,,0.589038391
2012,SC,0.678469608,1
2012,SD,0.574497342,
2012,TN,0.745875099,0.712410142
2012,TX,0.721432397,0.714416849
2012,UT,0.719805526,0.501607784
2012,VA,0.587952128,0.708546667
2012,VT,,0.755405714
2012,WA,0.620425768,0.63984224
2012,WI,0.596110383,0.688726912
2012,WV,0.66124836,0.539815503
2012,WY,0.743006361,
2014,AK,0.554379525,
2014,AL,0.79691363,1
2014,AR,0.690670728,
2014,AZ,0.715084772,0.662500936
2014,CA,0.703163555,0.718119834
2014,CO,0.613152186,0.604168101
2014,CT,,0.602942748
2014,DE,,0.617144116
2014,FL,0.745742172,0.723175521
2014,GA,0.794291242,0.89788674
2014,HI,,0.663906094
2014,IA,0.561235847,0.525607763
2014,ID,0.631856192,
2014,IL,0.647962421,0.677538455
2014,IN,0.663313709,0.598243749
2014,KS,0.6357041,
2014,KY,0.696570894,0.640948102
2014,LA,0.814155376,1
2014,MA,,0.861325386
2014,MD,0.704846414,0.631396426
2014,ME,0.529285646,0.663317047
2014,MI,0.596814132,0.722063278
2014,MN,0.602296851,0.598037899
2014,MO,0.702137299,0.653079342
2014,MS,0.718196064,1
2014,MT,0.57825738,
2014,NC,0.65394579,0.744907525
2014,ND,0.590731378,
2014,NE,0.721015799,0.517635732
2014,NH,0.518035142,0.550151323
2014,NJ,0.60815119,0.698822065
2014,NM,0.644575785,0.600632969
2014,NV,0.614517884,0.600123593
2014,NY,0.665855983,0.814133452
2014,OH,0.693034148,0.699594144
2014,OK,0.778243752,
2014,OR,0.732816964,0.649498631
2014,PA,0.69033306,0.788837143
2014,RI,,0.610015653
2014,SC,0.756654521,0.739435957
2014,SD,0.66529627,
2014,TN,0.750039627,0.699286441
2014,TX,0.772266384,0.842550492
2014,UT,0.659610841,
2014,VA,0.71064142,0.750785397
2014,VT,,0.674845854
2014,WA,0.713707722,0.641825162
2014,WI,0.632274418,0.657694057
2014,WV,0.570238932,
2014,WY,0.749385114,
2016,AK,0.582803158,
2016,AL,0.771651525,1
2016,AR,0.903283835,
2016,AZ,0.709274597,0.725182083
2016,CA,0.592131868,0.7560752
2016,CO,0.613907348,0.631963007
2016,CT,,0.635415303
2016,DE,,0.57546168
2016,FL,0.628609785,0.648573584
2016,GA,0.787060318,0.803471128
2016,HI,,0.785710729
2016,IA,0.575104708,0.537398783
2016,ID,0.681662038,
2016,IL,0.725856757,0.734066188
2016,IN,0.664581516,0.81347183
2016,KS,0.720503076,
2016,KY,0.810102986,0.634991958
2016,LA,0.815840533,1
2016,MA,,0.859780973
2016,MD,0.700684006,0.681607196
2016,ME,0.548012695,0.580304247
2016,MI,0.613501455,0.713742732
2016,MN,0.578377982,0.58292908
2016,MO,0.7014665,0.698623385
2016,MS,0.69900215,0.697185421
2016,MT,0.5808495,
2016,NC,0.602740994,0.685212381
2016,ND,0.744312994,
2016,NE,0.733580555,
2016,NH,,0.515346045
2016,NJ,0.605723419,0.692739322
2016,NM,0.627394577,0.637821735
2016,NV,0.61218909,0.570335104
2016,NY,0.605785493,0.805869561
2016,OH,0.671081755,0.713119269
2016,OK,0.774211088,
2016,OR,0.719066787,0.688655316
2016,PA,0.676606175,0.801097762
2016,RI,,0.651007103
2016,SC,0.64476355,0.717395161
2016,SD,0.641027859,
2016,TN,0.741713309,0.716122386
2016,TX,0.74333931,0.770077931
2016,UT,0.664751106,
2016,VA,0.614230415,0.74051293
2016,VT,,1
2016,WA,0.703972057,0.687524096
2016,WI,0.645339716,0.896001066
2016,WV,0.670181025,
2016,WY,0.674212794,
2018,AK,0.533063087,
2018,AL,0.664327877,1
2018,AR,0.645972348,
2018,AZ,0.597906962,0.666553374
2018,CA,0.619531431,0.723727105
2018,CO,0.580005078,0.648048525
2018,CT,,0.61990383
2018,DE,,0.6445397
2018,FL,0.605144838,0.74463112
2018,GA,0.681678731,0.730390896
2018,HI,,0.766861045
2018,IA,0.517102734,0.533308998
2018,ID,0.638876356,
2018,IL,0.601703282,0.708920095
2018,IN,0.610438102,0.649778733
2018,KS,0.593432539,0.549561686
2018,KY,0.663342454,0.629253779
2018,LA,0.695226637,1
2018,MA,,0.816661483
2018,MD,0.611609328,0.713546842
2018,ME,,0.575150339
2018,MI,0.572044056,0.688849913
2018,MN,0.547707992,0.615575879
2018,MO,0.659062453,0.730631938
2018,MS,0.664118485,1
2018,MT,0.523856759,
2018,NC,0.612221031,0.726632126
2018,ND,0.628579779,
2018,NE,0.62691915,
2018,NH,,0.554369974
2018,NJ,0.562620976,0.646291758
2018,NM,,0.599617139
2018,NV,0.582307668,0.590831887
2018,NY,0.531980206,0.79367272
2018,OH,0.595769705,0.711677523
2018,OK,0.667940846,0.506984433
2018,OR,0.588268465,0.649160552
2018,PA,0.595274385,0.695612013
2018,RI,,0.65244286
2018,SC,0.610238636,0.609951016
2018,SD,0.62612749,
2018,TN,0.690356898,0.742311275
2018,TX,0.622367408,0.771709294
2018,UT,0.671622412,0.501288842
2018,VA,0.583705721,0.672326463
2018,VT,,0.727273078
2018,WA,0.567495801,0.743820848
2018,WI,0.597007986,0.791406764
2018,WV,0.588712915,
2018,WY,0.681139749,