State,Year,District,Dem Votes,GOP Votes,D Voteshare,Incumbent,Party
AK,2016,District A,4577,4398,0.5099721448467966,0,D
AK,2016,District C,0,10030,0.0,0,R
AK,2016,District E,3992,11558,0.2567202572347267,0,R
AK,2016,District G,4911,8257,0.37294957472660994,0,R
AK,2016,District I,6724,4462,0.6011085285177901,0,D
AK,2016,District K,6281,8389,0.4281526925698705,0,R
AK,2016,District M,6110,8665,0.4135363790186125,0,R
AK,2016,District O,0,9617,0.0,0,R
AK,2016,District Q,11121,0,1.0,0,D
AK,2016,District S,8175,0,1.0,0,D
AR,2016,District 10,13261,0,1.0,0,D
AR,2016,District 14,9532,21902,0.3032385315263727,0,R
AR,2016,District 17,0,21119,0.0,0,R
AR,2016,District 19,6904,18535,0.2713943158143009,0,R
AR,2016,District 3,8968,14598,0.3805482474751761,0,R
AR,2016,District 33,10650,23009,0.31640868712677145,0,R
AR,2016,District 35,12319,15156,0.4483712465878071,0,R
AR,2016,District 4,18416,11533,0.6149120170957294,0,D
AR,2016,District 5,7868,18269,0.3010291923327084,0,R
AR,2016,District 8,0,18305,0.0,0,R
AZ,2016,District 1,33554,76856,0.3039036319173988,0,R
AZ,2016,District 10,52376,37187,0.5847950604602347,0,D
AZ,2016,District 11,43273,53232,0.4484016372208694,0,R
AZ,2016,District 12,44449,60959,0.4216852610807529,0,R
AZ,2016,District 13,30215,50432,0.37465745780996196,0,R
AZ,2016,District 14,31368,48131,0.394571000893093,0,R
AZ,2016,District 15,37971,57264,0.3987084580248858,0,R
AZ,2016,District 16,32261,51406,0.3855881052266724,0,R
AZ,2016,District 17,46264,48008,0.49075016972165647,0,R
AZ,2016,District 18,57401,43575,0.5684618127079702,0,D
AZ,2016,District 19,32872,0,1.0,0,D
AZ,2016,District 2,36893,24925,0.5968002847067198,0,D
AZ,2016,District 20,32352,35170,0.4791327271111638,0,R
AZ,2016,District 21,0,40869,0.0,0,R
AZ,2016,District 22,40957,70775,0.36656463680950846,0,R
AZ,2016,District 23,45344,67852,0.40057952577829603,0,R
AZ,2016,District 24,48245,18772,0.7198919677096856,0,D
AZ,2016,District 25,32268,52208,0.3819783133671102,0,R
AZ,2016,District 26,32812,17086,0.6575814661910298,0,D
AZ,2016,District 27,40012,0,1.0,0,D
AZ,2016,District 28,47011,47278,0.49858414024965797,0,R
AZ,2016,District 29,29003,0,1.0,0,D
AZ,2016,District 3,45529,0,1.0,0,D
AZ,2016,District 30,28574,0,1.0,0,D
AZ,2016,District 4,33034,0,1.0,0,D
AZ,2016,District 5,18530,56454,0.24711938546890003,0,R
AZ,2016,District 6,46332,48044,0.4909298974315504,0,R
AZ,2016,District 7,43179,21091,0.671837560292516,0,D
AZ,2016,District 8,24360,31181,0.43859491186690913,0,R
AZ,2016,District 9,58571,34758,0.6275755660084218,0,D
CA,2016,District 10,410478,132312,0.7562372188139059,0,D
CA,2016,District 12,220772,185382,0.5435672183457506,0,D
CA,2016,District 14,161884,128262,0.5579397958269285,0,D
CA,2016,District 16,189158,339428,0.3578566212499007,0,R
CA,2016,District 18,391246,109776,0.7808958488848793,0,D
CA,2016,District 2,467376,0,1.0,0,D
CA,2016,District 20,275496,121156,0.6945534120589333,0,D
CA,2016,District 22,203872,0,1.0,0,D
CA,2016,District 24,278946,0,1.0,0,D
CA,2016,District 26,597218,0,1.0,0,D
CA,2016,District 28,283584,302040,0.48424244907995573,0,R
CA,2016,District 30,461246,0,1.0,0,D
CA,2016,District 32,354108,175040,0.6692040790100312,0,D
CA,2016,District 34,270124,263946,0.5057838860074522,0,D
CA,2016,District 36,382784,407214,0.4845379355390773,0,R
CA,2016,District 38,332184,374690,0.4699338213033723,0,R
CA,2016,District 4,285634,380882,0.4285478518145101,0,R
CA,2016,District 40,305792,158414,0.6587420240152001,0,D
CA,2016,District 6,425806,0,1.0,0,D
CA,2016,District 8,274622,405482,0.4037941256043193,0,R
CO,2016,District 1,13894,52311,0.20986330337587797,0,R
CO,2016,District 11,28015,17200,0.6195952670573924,0,D
CO,2016,District 13,21453,33026,0.39378476110060756,0,R
CO,2016,District 15,39256,44434,0.4690644043493846,0,R
CO,2016,District 16,47403,35154,0.5741851084705113,0,D
CO,2016,District 2,22583,42531,0.3468224959302147,0,R
CO,2016,District 20,49974,39102,0.5610265391351206,0,D
CO,2016,District 22,42747,30754,0.5815839240282445,0,D
CO,2016,District 24,35578,27068,0.5679213357596654,0,D
CO,2016,District 3,39768,0,1.0,0,D
CO,2016,District 30,34604,43948,0.44052347489561056,0,R
CO,2016,District 32,53307,17294,0.7550459625217774,0,D
CO,2016,District 34,54312,11018,0.831348538190724,0,D
CO,2016,District 5,41838,27375,0.6044818169996966,0,D
CO,2016,District 6,33208,40088,0.4530670159353853,0,R
CO,2016,District 7,48410,42327,0.533519953271543,0,D
CO,2016,District 9,25892,61341,0.29681427899991975,0,R
CT,2016,District 1,41089,11272,0.7847252726265732,0,D
CT,2016,District 10,20182,2745,0.8802721681859816,0,D
CT,2016,District 11,23787,6758,0.7787526600098216,0,D
CT,2016,District 12,25265,23933,0.513537135655921,0,D
CT,2016,District 13,19502,17708,0.5241064230045687,0,D
CT,2016,District 14,21926,20888,0.5121222030177045,0,D
CT,2016,District 15,16426,0,1.0,0,D
CT,2016,District 16,18332,23988,0.4331758034026465,0,R
CT,2016,District 17,18446,18531,0.49885063688238634,0,R
CT,2016,District 18,17276,20887,0.4526897780572806,0,R
CT,2016,District 19,21389,15567,0.5787693473319623,0,D
CT,2016,District 2,26542,0,1.0,0,D
CT,2016,District 20,19164,20746,0.4801804059133049,0,R
CT,2016,District 21,18805,24589,0.433354841683182,0,R
CT,2016,District 22,19795,13712,0.5907720774763482,0,D
CT,2016,District 23,14456,2199,0.8679675773041129,0,D
CT,2016,District 24,17186,14658,0.5396935058409748,0,D
CT,2016,District 25,24444,14261,0.6315463118460147,0,D
CT,2016,District 26,28159,24574,0.5339919974209698,0,D
CT,2016,District 27,22161,11649,0.6554569653948535,0,D
CT,2016,District 28,23336,25277,0.4800362043074898,0,R
CT,2016,District 29,18915,14679,0.5630469726736917,0,D
CT,2016,District 3,22018,14260,0.6069243067423783,0,D
CT,2016,District 30,20011,23121,0.46394788092367617,0,R
CT,2016,District 31,15762,22367,0.41338613653649453,0,R
CT,2016,District 32,17501,27598,0.38805738486440944,0,R
CT,2016,District 33,40199,37789,0.5154510950402627,0,D
CT,2016,District 34,16939,23853,0.4152529907825064,0,R
CT,2016,District 35,21938,22837,0.4899609156895589,0,R
CT,2016,District 36,22261,21645,0.5070149865622011,0,D
CT,2016,District 4,23257,19632,0.5422602532117793,0,D
CT,2016,District 5,39222,23564,0.6246934029879272,0,D
CT,2016,District 6,17173,10263,0.6259294357778101,0,D
CT,2016,District 7,18476,22004,0.45642292490118574,0,R
CT,2016,District 8,20091,26418,0.431980906921241,0,R
CT,2016,District 9,24253,17674,0.5784577956925132,0,D
DE,2016,District 10,23330,14258,0.6206768117484304,0,D
DE,2016,District 11,20842,6670,0.7575603373073568,0,D
DE,2016,District 16,14054,17236,0.4491530840524129,0,R
DE,2016,District 17,18686,10388,0.6427048221778909,0,D
DE,2016,District 18,11566,21632,0.3483944815952768,0,R
DE,2016,District 2,23566,0,1.0,0,D
DE,2016,District 21,9482,17632,0.34970863760418974,0,R
DE,2016,District 3,18198,0,1.0,0,D
DE,2016,District 4,22502,19848,0.5313341204250295,0,D
DE,2016,District 6,26566,29562,0.47331100342075255,0,R
FL,2016,District 10,79349,147601,0.34963207755012116,0,R
FL,2016,District 12,91765,172776,0.3468838478723525,0,R
FL,2016,District 14,96161,124055,0.4366667272132815,0,R
FL,2016,District 16,102407,111997,0.4776356784388351,0,R
FL,2016,District 18,104078,103667,0.5009891934823942,0,D
FL,2016,District 2,48979,149157,0.24719889368918319,0,R
FL,2016,District 20,87863,101021,0.465169098494314,0,R
FL,2016,District 22,94295,105575,0.4717816580777505,0,R
FL,2016,District 23,110587,143346,0.4354967648946769,0,R
FL,2016,District 24,98104,116415,0.4573207967592614,0,R
FL,2016,District 25,98417,117056,0.4567486413610986,0,R
FL,2016,District 26,63253,117979,0.3490167299373179,0,R
FL,2016,District 28,73000,138293,0.3454918052183461,0,R
FL,2016,District 30,132241,0,1.0,0,D
FL,2016,District 34,124578,0,1.0,0,D
FL,2016,District 36,56395,66361,0.4594072794812474,0,R
FL,2016,District 4,80598,149347,0.35050990454239056,0,R
FL,2016,District 40,90924,79068,0.5348722292813779,0,D
FL,2016,District 8,98692,100690,0.49498951760941307,0,R
GA,2016,District 1,27239,42279,0.3918265772893351,0,R
GA,2016,District 10,71202,0,1.0,0,D
GA,2016,District 11,0,44900,0.0,0,R
GA,2016,District 12,44357,0,1.0,0,D
GA,2016,District 13,0,48598,0.0,0,R
GA,2016,District 14,20372,50051,0.28928049074876105,0,R
GA,2016,District 15,39590,0,1.0,0,D
GA,2016,District 16,24831,53167,0.31835431677735326,0,R
GA,2016,District 17,37034,44341,0.45510291858678953,0,R
GA,2016,District 18,0,57836,0.0,0,R
GA,2016,District 19,0,43376,0.0,0,R
GA,2016,District 2,49456,0,1.0,0,D
GA,2016,District 20,0,57444,0.0,0,R
GA,2016,District 21,25869,61508,0.29606189271776323,0,R
GA,2016,District 22,48425,0,1.0,0,D
GA,2016,District 23,0,48710,0.0,0,R
GA,2016,District 24,0,65067,0.0,0,R
GA,2016,District 25,0,57623,0.0,0,R
GA,2016,District 26,44936,0,1.0,0,D
GA,2016,District 27,24863,66016,0.273583556157088,0,R
GA,2016,District 28,0,62821,0.0,0,R
GA,2016,District 29,25840,44058,0.3696815359523878,0,R
GA,2016,District 3,19883,42097,0.3207970313004195,0,R
GA,2016,District 30,0,53233,0.0,0,R
GA,2016,District 31,0,54909,0.0,0,R
GA,2016,District 32,39167,52772,0.4260107245021155,0,R
GA,2016,District 33,51455,0,1.0,0,D
GA,2016,District 34,49728,10306,0.82833061265283,0,D
GA,2016,District 35,65152,0,1.0,0,D
GA,2016,District 36,66809,0,1.0,0,D
GA,2016,District 37,33656,48379,0.4102639117449869,0,R
GA,2016,District 38,62090,12866,0.8283526335450131,0,D
GA,2016,District 39,67101,0,1.0,0,D
GA,2016,District 4,0,51653,0.0,0,R
GA,2016,District 40,40882,33789,0.5474950114502284,0,D
GA,2016,District 41,51645,0,1.0,0,D
GA,2016,District 42,72360,0,1.0,0,D
GA,2016,District 43,60067,0,1.0,0,D
GA,2016,District 44,67284,0,1.0,0,D
GA,2016,District 45,31855,44094,0.41942619389327046,0,R
GA,2016,District 46,31207,47574,0.39612343077645623,0,R
GA,2016,District 47,23209,46008,0.33530780010691014,0,R
GA,2016,District 48,35344,30661,0.5354745852586925,0,D
GA,2016,District 49,0,55517,0.0,0,R
GA,2016,District 5,34240,0,1.0,0,D
GA,2016,District 50,0,58942,0.0,0,R
GA,2016,District 51,0,69645,0.0,0,R
GA,2016,District 52,13543,42386,0.24214629262100162,0,R
GA,2016,District 53,0,49087,0.0,0,R
GA,2016,District 54,10097,39553,0.20336354481369587,0,R
GA,2016,District 55,64385,14575,0.8154128672745694,0,D
GA,2016,District 56,37863,41845,0.47502132784664025,0,R
GA,2016,District 6,46486,33157,0.583679670529739,0,D
GA,2016,District 7,0,45441,0.0,0,R
GA,2016,District 8,0,42656,0.0,0,R
GA,2016,District 9,39139,42312,0.4805220316509312,0,R
HI,2016,District 1,12492,0,1.0,0,D
HI,2016,District 12,9507,3999,0.7039093736117281,0,D
HI,2016,District 17,7828,3538,0.6887207460848144,0,D
HI,2016,District 18,11845,5830,0.6701555869872702,0,D
HI,2016,District 19 Vacancy,6089,6205,0.4952822515047991,0,R
HI,2016,District 21,5808,4049,0.5892259308105915,0,D
HI,2016,District 3,10650,0,1.0,0,D
HI,2016,District 6,8978,0,1.0,0,D
IA,2016,District 1,0,21245,0.0,0,R
IA,2016,District 11,8770,18007,0.32751988646973146,0,R
IA,2016,District 13,13558,17199,0.44081022206327014,0,R
IA,2016,District 15,12830,16988,0.430277013884231,0,R
IA,2016,District 17,17808,0,1.0,0,D
IA,2016,District 19,17608,18598,0.48632823288957633,0,R
IA,2016,District 21,20499,10511,0.6610448242502418,0,D
IA,2016,District 23,19020,0,1.0,0,D
IA,2016,District 25,10345,16621,0.3836312393384262,0,R
IA,2016,District 27,12823,12322,0.5099622191290515,0,D
IA,2016,District 29,13437,15493,0.4644659522986519,0,R
IA,2016,District 3,8884,16366,0.3518415841584158,0,R
IA,2016,District 31,14573,0,1.0,0,D
IA,2016,District 33,17912,9407,0.6556608953475603,0,D
IA,2016,District 35,19875,0,1.0,0,D
IA,2016,District 37,20321,0,1.0,0,D
IA,2016,District 39,15758,13130,0.5454860149543063,0,D
IA,2016,District 41,10652,11460,0.48172937771345875,0,R
IA,2016,District 43,23790,6107,0.7957320132454762,0,D
IA,2016,District 45,14629,0,1.0,0,D
IA,2016,District 47,14418,16125,0.4720557901974266,0,R
IA,2016,District 49,10916,13305,0.4506832913587383,0,R
IA,2016,District 5,8935,14571,0.3801157151365609,0,R
IA,2016,District 7,9125,8676,0.5126116510308409,0,D
IA,2016,District 9,0,18533,0.0,0,R
ID,2016,District 1,5125,14831,0.25681499298456606,0,R
ID,2016,District 10,4720,7526,0.38543197778866567,0,R
ID,2016,District 11,3949,13834,0.22206601810718102,0,R
ID,2016,District 12,4875,9089,0.349112002291607,0,R
ID,2016,District 13,0,12550,0.0,0,R
ID,2016,District 14,8268,18893,0.3044070542321711,0,R
ID,2016,District 15,8942,8948,0.49983230855226385,0,R
ID,2016,District 16,12784,6819,0.6521450798347191,0,D
ID,2016,District 17,11652,5069,0.6968482746247234,0,D
ID,2016,District 18,17090,0,1.0,0,D
ID,2016,District 19,18793,6401,0.7459315710089703,0,D
ID,2016,District 2,5131,15109,0.25350790513833993,0,R
ID,2016,District 20,0,14535,0.0,0,R
ID,2016,District 21,7776,12275,0.38781108174155904,0,R
ID,2016,District 22,4731,10709,0.3064119170984456,0,R
ID,2016,District 23,0,10492,0.0,0,R
ID,2016,District 24,0,10547,0.0,0,R
ID,2016,District 25,0,11969,0.0,0,R
ID,2016,District 26,10094,6768,0.598624125252046,0,D
ID,2016,District 27,0,10291,0.0,0,R
ID,2016,District 28,6268,10174,0.3812188298260552,0,R
ID,2016,District 29,8338,6074,0.5785456563974466,0,D
ID,2016,District 3,4707,12226,0.27797791295104235,0,R
ID,2016,District 30,0,12838,0.0,0,R
ID,2016,District 31,0,11084,0.0,0,R
ID,2016,District 32,0,13347,0.0,0,R
ID,2016,District 33,5379,7899,0.40510619069136916,0,R
ID,2016,District 34,1858,9500,0.16358513822856136,0,R
ID,2016,District 35,0,13123,0.0,0,R
ID,2016,District 4,7749,10579,0.42279572239196855,0,R
ID,2016,District 5,11197,8777,0.5605787523780915,0,D
ID,2016,District 6,0,13353,0.0,0,R
ID,2016,District 7,0,13936,0.0,0,R
ID,2016,District 8,0,14128,0.0,0,R
ID,2016,District 9,0,13849,0.0,0,R
IL,2016,District 11,39158,0,1.0,0,D
IL,2016,District 12,38061,0,1.0,0,D
IL,2016,District 14,65275,0,1.0,0,D
IL,2016,District 15,59332,0,1.0,0,D
IL,2016,District 17,66268,0,1.0,0,D
IL,2016,District 18,64048,0,1.0,0,D
IL,2016,District 2,51282,0,1.0,0,D
IL,2016,District 20,55151,0,1.0,0,D
IL,2016,District 21,49928,48749,0.5059740365029338,0,D
IL,2016,District 23,39604,32582,0.5486382401019588,0,D
IL,2016,District 24,51695,50059,0.5080389960099848,0,D
IL,2016,District 26,42924,51754,0.4533682587295887,0,R
IL,2016,District 27,46981,43375,0.5199544025853291,0,D
IL,2016,District 29,51162,29791,0.6319963435573728,0,D
IL,2016,District 3,62764,0,1.0,0,D
IL,2016,District 30,38860,18263,0.6802863995238345,0,D
IL,2016,District 32,35936,43402,0.4529481459073836,0,R
IL,2016,District 33,44965,46040,0.49409373111367505,0,R
IL,2016,District 35,0,62422,0.0,0,R
IL,2016,District 36,37447,38728,0.4915917295700689,0,R
IL,2016,District 38,32799,47977,0.40604882638407447,0,R
IL,2016,District 39,54149,0,1.0,0,D
IL,2016,District 41,48046,49692,0.4915795289447298,0,R
IL,2016,District 42,41787,0,1.0,0,D
IL,2016,District 44,0,70464,0.0,0,R
IL,2016,District 45,29781,49936,0.37358405358957314,0,R
IL,2016,District 47,0,61521,0.0,0,R
IL,2016,District 48,42068,32021,0.5678035875771033,0,D
IL,2016,District 5,63756,0,1.0,0,D
IL,2016,District 50,0,72429,0.0,0,R
IL,2016,District 51,0,77252,0.0,0,R
IL,2016,District 53,0,66592,0.0,0,R
IL,2016,District 54,25510,59476,0.3001670863436331,0,R
IL,2016,District 56,45727,0,1.0,0,D
IL,2016,District 57,44254,30496,0.5920267558528428,0,D
IL,2016,District 59,32125,50475,0.3889225181598063,0,R
IL,2016,District 6,88756,0,1.0,0,D
IL,2016,District 8,50071,0,1.0,0,D
IL,2016,District 9,73710,28889,0.7184280548543358,0,D
IN,2016,District 1,29578,17144,0.633063653097042,0,D
IN,2016,District 11,17179,27089,0.38806813047799765,0,R
IN,2016,District 14,0,34542,0.0,0,R
IN,2016,District 15,19321,23980,0.44620216623172676,0,R
IN,2016,District 17,11911,30320,0.2820439961165968,0,R
IN,2016,District 19,0,29985,0.0,0,R
IN,2016,District 21,15733,29797,0.3455523830441467,0,R
IN,2016,District 22,16721,20727,0.44651249732963044,0,R
IN,2016,District 23,0,36226,0.0,0,R
IN,2016,District 25,19577,16640,0.5405472568130988,0,D
IN,2016,District 26,18556,27647,0.4016189424929117,0,R
IN,2016,District 27,11429,27795,0.2913777279216806,0,R
IN,2016,District 29,31974,24403,0.5671461766323146,0,D
IN,2016,District 31,28612,30221,0.4863257015620485,0,R
IN,2016,District 38,16969,21508,0.4410167112820646,0,R
IN,2016,District 39,0,34199,0.0,0,R
IN,2016,District 4,26762,17557,0.6038493648322389,0,D
IN,2016,District 41,14458,28888,0.333548655008536,0,R
IN,2016,District 43,0,35509,0.0,0,R
IN,2016,District 45,16493,30357,0.3520384204909285,0,R
IN,2016,District 46,22571,27012,0.4552165056571809,0,R
IN,2016,District 47,16064,31853,0.33524636350355824,0,R
IN,2016,District 48,0,38824,0.0,0,R
IN,2016,District 49,16276,28895,0.3603196741272055,0,R
IN,2016,District 6,18819,32354,0.36775252574599887,0,R
KS,2016,District 13,9310,12836,0.4203919443691863,0,R
KY,2016,District 10,24224,0,1.0,0,D
KY,2016,District 12,26102,26874,0.49271368166717006,0,R
KY,2016,District 14,15842,29752,0.3474579988594991,0,R
KY,2016,District 16,0,33447,0.0,0,R
KY,2016,District 18,21644,15823,0.5776816932233699,0,D
KY,2016,District 2,16428,28252,0.3676812891674127,0,R
KY,2016,District 20,19829,25775,0.43480835014472413,0,R
KY,2016,District 22,14692,28537,0.339864442850864,0,R
KY,2016,District 24,17958,23705,0.4310299306338958,0,R
KY,2016,District 26,26524,29625,0.47238597303602914,0,R
KY,2016,District 28,20291,23212,0.4664276026940671,0,R
KY,2016,District 30,10151,27747,0.26785054620296583,0,R
KY,2016,District 32,18952,20803,0.4767199094453528,0,R
KY,2016,District 34,17377,28145,0.3817275163657133,0,R
KY,2016,District 36,25977,29729,0.46632319678311135,0,R
KY,2016,District 38,0,25801,0.0,0,R
KY,2016,District 4,18573,19057,0.49356896093542385,0,R
KY,2016,District 6,13217,27139,0.32751015957974033,0,R
KY,2016,District 8,18019,25107,0.4178221954273524,0,R
MA,2016,District 1 Bristol a Plymouth,39168,0,1.0,0,D
MA,2016,District 1 Essex,46338,23539,0.6631366544070295,0,D
MA,2016,District 1 Essex a Middlesex,0,68902,0.0,0,R
MA,2016,District 1 Hampden a Hampshire,51633,0,1.0,0,D
MA,2016,District 1 Middlesex,35068,19825,0.6388428397063378,0,D
MA,2016,District 1 Middlesex a Norfolk,60727,0,1.0,0,D
MA,2016,District 1 Plymou a Bristol,48652,0,1.0,0,D
MA,2016,District 1 Suffolk,50180,0,1.0,0,D
MA,2016,District 1 Suffolk a Middlesex,44854,0,1.0,0,D
MA,2016,District 1 Worcester,46611,0,1.0,0,D
MA,2016,District 2 Bristol a Plymouth,39839,0,1.0,0,D
MA,2016,District 2 Essex,59282,0,1.0,0,D
MA,2016,District 2 Essex a Middlesex,35854,21202,0.6284001682557487,0,D
MA,2016,District 2 Hampden a Hampshire,0,45300,0.0,0,R
MA,2016,District 2 Middlesex,70099,0,1.0,0,D
MA,2016,District 2 Middlesex a Norfolk,54347,0,1.0,0,D
MA,2016,District 2 Plymou a Bristol,37494,18879,0.6651056356766537,0,D
MA,2016,District 2 Suffolk,50742,0,1.0,0,D
MA,2016,District 2 Suffolk a Middlesex,50823,0,1.0,0,D
MA,2016,District 2 Worcester,51630,0,1.0,0,D
MA,2016,District 3 Essex,47179,0,1.0,0,D
MA,2016,District 3 Middlesex,59499,0,1.0,0,D
MA,2016,District 4 Middlesex,59993,0,1.0,0,D
MA,2016,District 5 Middlesex,47561,23393,0.6703075231840347,0,D
MA,2016,"District Berkshire, Hampshire a Franklin",55828,0,1.0,0,D
MA,2016,District Bristol a Norfolk,41846,27248,0.6056386951110082,0,D
MA,2016,District Cape a Islands,58196,35500,0.6211150956284153,0,D
MA,2016,District Hampden,31109,0,1.0,0,D
MA,2016,"District Hampshire, Franklin a Worcester",56857,0,1.0,0,D
MA,2016,District Middlesex a Suffolk,46144,0,1.0,0,D
MA,2016,District Middlesex a Worcester,50828,25546,0.6655144420876214,0,D
MA,2016,District Norfolk a Plymouth,43656,0,1.0,0,D
MA,2016,District Norfolk a Suffolk,58443,0,1.0,0,D
MA,2016,"District Norfolk, Bristol a Middlesex",37830,35856,0.5133946747007573,0,D
MA,2016,"District Norfolk, Bristol a Plymouth",54198,0,1.0,0,D
MA,2016,District Plymou a Barnstable,32365,46229,0.4117998829427183,0,R
MA,2016,District Plymou a Norfolk,36533,42065,0.4648082648413446,0,R
MA,2016,District Worcester a Middlesex,27935,33199,0.45694703438348544,0,R
MA,2016,District Worcester a Norfolk,27195,37513,0.4202726092600606,0,R
MA,2016,"District Worcester, Hampden, Hampshire a Middlesex",37150,30519,0.5489958474338323,0,D
MD,2016,District 1,0,34966,0.0,0,R
MD,2016,District 10,38005,9229,0.804611085235212,0,D
MD,2016,District 11,40472,0,1.0,0,D
MD,2016,District 12,32730,16747,0.6615194939062595,0,D
MD,2016,District 13,47309,0,1.0,0,D
MD,2016,District 14,40262,15177,0.7262396507873519,0,D
MD,2016,District 15,38771,15000,0.7210392218854029,0,D
MD,2016,District 16,48822,12052,0.802017281598055,0,D
MD,2016,District 17,36147,9529,0.7913784044136964,0,D
MD,2016,District 18,41360,0,1.0,0,D
MD,2016,District 19,39393,0,1.0,0,D
MD,2016,District 2,0,29798,0.0,0,R
MD,2016,District 20,42069,4236,0.9085195983155167,0,D
MD,2016,District 21,32262,9311,0.7760325211074496,0,D
MD,2016,District 22,33849,0,1.0,0,D
MD,2016,District 23,53176,0,1.0,0,D
MD,2016,District 24,44568,0,1.0,0,D
MD,2016,District 25,44390,0,1.0,0,D
MD,2016,District 26,42929,3280,0.9290181566361532,0,D
MD,2016,District 27,39664,20359,0.6608133548806291,0,D
MD,2016,District 28,37585,19063,0.6634832650755543,0,D
MD,2016,District 29,19017,28918,0.3967247314071138,0,R
MD,2016,District 3,30391,21471,0.5859974547838495,0,D
MD,2016,District 30,29736,24639,0.5468689655172414,0,D
MD,2016,District 31,18778,29489,0.38904427455611496,0,R
MD,2016,District 32,30384,15306,0.6650032829940906,0,D
MD,2016,District 33,30298,34884,0.46482157650885214,0,R
MD,2016,District 34,24256,24445,0.498059588098807,0,R
MD,2016,District 35,0,33813,0.0,0,R
MD,2016,District 36,17691,33028,0.3488041956663183,0,R
MD,2016,District 37,19691,29520,0.40013411635609925,0,R
MD,2016,District 38,23098,25731,0.4730385631489484,0,R
MD,2016,District 39,32417,8434,0.793542385743311,0,D
MD,2016,District 4,24358,35240,0.40870499010033895,0,R
MD,2016,District 40,26960,0,1.0,0,D
MD,2016,District 41,33284,0,1.0,0,D
MD,2016,District 42,27949,29100,0.4899121807568932,0,R
MD,2016,District 43,35972,0,1.0,0,D
MD,2016,District 44,34834,6280,0.8472539767475799,0,D
MD,2016,District 45,29608,0,1.0,0,D
MD,2016,District 46,26203,7238,0.783559104093777,0,D
MD,2016,District 47,23983,1777,0.9310170807453416,0,D
MD,2016,District 5,15739,39568,0.2845751893973638,0,R
MD,2016,District 6,14108,19511,0.4196436538861953,0,R
MD,2016,District 7,19780,40070,0.33049289891395156,0,R
MD,2016,District 8,24332,23271,0.511144255614142,0,D
MD,2016,District 9,33493,32347,0.5087029161603889,0,D
ME,2016,District 1,8793,5683,0.6074191765681127,0,D
ME,2016,District 10,5336,10431,0.33842836303672225,0,R
ME,2016,District 11,11659,8100,0.5900602257199251,0,D
ME,2016,District 12,12467,7192,0.6341624701154688,0,D
ME,2016,District 13,9881,10266,0.4904452275773068,0,R
ME,2016,District 14,10790,7850,0.578862660944206,0,D
ME,2016,District 15,7197,9497,0.4311129747214568,0,R
ME,2016,District 16,7778,7902,0.49604591836734696,0,R
ME,2016,District 17,8105,9715,0.4548260381593715,0,R
ME,2016,District 18,5789,10966,0.3455088033422859,0,R
ME,2016,District 19,7317,10167,0.41849691146190804,0,R
ME,2016,District 2,7433,7226,0.5070605089023807,0,D
ME,2016,District 20,8993,8758,0.5066193453889921,0,D
ME,2016,District 21,8210,5378,0.6042095967029733,0,D
ME,2016,District 22,6277,10572,0.3725443646507211,0,R
ME,2016,District 23,11580,8490,0.5769805680119582,0,D
ME,2016,District 24,15374,7315,0.6775970734717264,0,D
ME,2016,District 25,15348,9448,0.6189708017422165,0,D
ME,2016,District 26,14743,0,1.0,0,D
ME,2016,District 27,14858,0,1.0,0,D
ME,2016,District 28,15940,0,1.0,0,D
ME,2016,District 29,15077,5215,0.7430021683422038,0,D
ME,2016,District 3,5827,8876,0.3963136774807862,0,R
ME,2016,District 30,11170,10975,0.5044027997290584,0,D
ME,2016,District 31,12122,6113,0.6647655607348506,0,D
ME,2016,District 32,10620,6338,0.6262530958839486,0,D
ME,2016,District 33,6298,9030,0.4108820459290188,0,R
ME,2016,District 34,9776,10456,0.4831949387109529,0,R
ME,2016,District 35,13408,8050,0.6248485413365644,0,D
ME,2016,District 4,5112,9895,0.34064103418404745,0,R
ME,2016,District 5,8789,5855,0.6001775471182736,0,D
ME,2016,District 6,5661,8979,0.3866803278688525,0,R
ME,2016,District 7,13363,7486,0.6409420116072714,0,D
ME,2016,District 8,7458,10521,0.4148172868346404,0,R
ME,2016,District 9,9203,5990,0.605739485289278,0,D
MI,2016,District 1,62071,20879,0.7482941531042797,0,D
MI,2016,District 10,52277,57353,0.47684940253580227,0,R
MI,2016,District 11,99916,27157,0.7862881965484406,0,D
MI,2016,District 12,59302,58363,0.5039901415034207,0,D
MI,2016,District 13,73146,67798,0.5189720740152117,0,D
MI,2016,District 14,48578,64253,0.4305377068358873,0,R
MI,2016,District 15,62936,67352,0.4830529288959843,0,R
MI,2016,District 16,31129,56980,0.3533010248669262,0,R
MI,2016,District 17,39196,57771,0.40421999236853773,0,R
MI,2016,District 18,96891,26620,0.7844726380646259,0,D
MI,2016,District 19,37462,57242,0.3955693529312384,0,R
MI,2016,District 2,53920,17288,0.7572182900797663,0,D
MI,2016,District 20,60528,48195,0.5567175298694849,0,D
MI,2016,District 21,41897,58164,0.4187145841036967,0,R
MI,2016,District 22,57167,76043,0.4291494632535095,0,R
MI,2016,District 23,73189,33721,0.6845851650921335,0,D
MI,2016,District 24,54352,66969,0.4480015825784489,0,R
MI,2016,District 25,37715,66926,0.36042277883430013,0,R
MI,2016,District 26,43495,61509,0.41422231534036796,0,R
MI,2016,District 27,59108,23942,0.7117158338350391,0,D
MI,2016,District 28,45937,68749,0.40054583820169853,0,R
MI,2016,District 29,70715,50225,0.5847114271539606,0,D
MI,2016,District 3,58405,10928,0.8423838576147,0,D
MI,2016,District 30,42904,79323,0.3510190056206894,0,R
MI,2016,District 31,41833,63394,0.3975500584450759,0,R
MI,2016,District 32,50058,62375,0.4452251563153167,0,R
MI,2016,District 33,32375,49856,0.39370796901411875,0,R
MI,2016,District 34,45941,50313,0.4772892555114593,0,R
MI,2016,District 35,39923,73688,0.35140083266585104,0,R
MI,2016,District 36,39440,71013,0.3570749549582175,0,R
MI,2016,District 37,51076,73338,0.41053257671966176,0,R
MI,2016,District 38,47279,59290,0.4436468391370849,0,R
MI,2016,District 4,58107,16115,0.7828810864703187,0,D
MI,2016,District 5,70010,16479,0.8094670998624103,0,D
MI,2016,District 6,60789,38301,0.6134726006660611,0,D
MI,2016,District 7,69434,65001,0.5164875218507086,0,D
MI,2016,District 8,47154,76172,0.3823524642005741,0,R
MI,2016,District 9,65736,34013,0.6590141254548918,0,D
MN,2016,District 13,16108,21714,0.42588969382898845,0,R
MO,2016,District 10,20412,48322,0.29697093141676606,0,R
MO,2016,District 12,18986,50035,0.2750757015980644,0,R
MO,2016,District 14,53234,0,1.0,0,D
MO,2016,District 16,18097,42382,0.2992278311480018,0,R
MO,2016,District 18,19555,46263,0.29710717432921085,0,R
MO,2016,District 2,35258,52197,0.403155908753073,0,R
MO,2016,District 20,22004,62209,0.26128982461140204,0,R
MO,2016,District 22,26903,40556,0.3988052001956744,0,R
MO,2016,District 24,51106,31153,0.6212815618959627,0,D
MO,2016,District 26,30237,53507,0.3610646732900267,0,R
MO,2016,District 28,14126,53692,0.20829278362676576,0,R
MO,2016,District 30,30690,34987,0.46728687363917354,0,R
MO,2016,District 32,15140,48412,0.238230110775428,0,R
MO,2016,District 34,35026,38654,0.4753800217155266,0,R
MO,2016,District 4,56883,16927,0.7706679311746376,0,D
MO,2016,District 6,17808,53004,0.2514827995255042,0,R
MO,2016,District 8,34127,41150,0.45335228555866997,0,R
MT,2016,District 1,0,7333,0.0,0,R
MT,2016,District 11,4706,3478,0.5750244379276638,0,D
MT,2016,District 12,3680,3472,0.5145413870246085,0,D
MT,2016,District 13,2738,3315,0.4523376837931604,0,R
MT,2016,District 14,4394,4526,0.49260089686098657,0,R
MT,2016,District 19,1737,7334,0.19148936170212766,0,R
MT,2016,District 20,0,8226,0.0,0,R
MT,2016,District 22,3349,5120,0.3954422009682371,0,R
MT,2016,District 24,4608,3927,0.5398945518453427,0,D
MT,2016,District 27,4060,8671,0.31890660592255127,0,R
MT,2016,District 29,3649,7351,0.3317272727272727,0,R
MT,2016,District 30,5214,6254,0.45465643529822114,0,R
MT,2016,District 32,5979,5552,0.518515306564912,0,D
MT,2016,District 33,9627,0,1.0,0,D
MT,2016,District 34,3475,6395,0.35207700101317124,0,R
MT,2016,District 4,3097,5626,0.35503840421873206,0,R
MT,2016,District 41,6065,4436,0.5775640415198553,0,D
MT,2016,District 42,5556,4180,0.5706655710764175,0,D
MT,2016,District 43,0,6990,0.0,0,R
MT,2016,District 48,6427,3813,0.62763671875,0,D
MT,2016,District 49,5579,5236,0.5158576051779935,0,D
MT,2016,District 5,0,8048,0.0,0,R
MT,2016,District 50,8127,3130,0.7219507861774895,0,D
MT,2016,District 8,5443,0,1.0,0,D
MT,2016,District 9,2318,6347,0.2675129832660127,0,R
NC,2016,District 1,34811,39635,0.46760067700077906,0,R
NC,2016,District 10,19990,33296,0.3751454415794017,0,R
NC,2016,District 11,34979,45491,0.43468373306822417,0,R
NC,2016,District 12,23112,34726,0.39959887962930946,0,R
NC,2016,District 13,18336,30856,0.37274353553423323,0,R
NC,2016,District 14,54455,19828,0.7330748623507397,0,D
NC,2016,District 15,60293,19200,0.7584692991835759,0,D
NC,2016,District 16,62877,30106,0.6762203843713367,0,D
NC,2016,District 17,49692,45527,0.52187063506233,0,D
NC,2016,District 18,48919,51510,0.48710033954335896,0,R
NC,2016,District 19,29666,29283,0.5032485707984868,0,D
NC,2016,District 2,24573,42718,0.3651751348620172,0,R
NC,2016,District 20,73821,12258,0.8575959293207402,0,D
NC,2016,District 21,33016,13541,0.7091522220074318,0,D
NC,2016,District 22,45979,26897,0.6309210165212141,0,D
NC,2016,District 23,73207,29451,0.7131153928578386,0,D
NC,2016,District 24,36118,42175,0.4613183809535974,0,R
NC,2016,District 25,31039,41422,0.42835456314431214,0,R
NC,2016,District 26,21153,39025,0.351507195320549,0,R
NC,2016,District 27,45116,44237,0.5049186932727496,0,D
NC,2016,District 28,56129,18490,0.7522078827108377,0,D
NC,2016,District 29,18549,46885,0.2834764801173702,0,R
NC,2016,District 3,33868,29048,0.5383050416428253,0,D
NC,2016,District 30,23481,42987,0.35326773785881926,0,R
NC,2016,District 31,34590,54103,0.38999695579132515,0,R
NC,2016,District 32,46967,17510,0.7284302929726879,0,D
NC,2016,District 33,22068,47315,0.3180606200366084,0,R
NC,2016,District 34,23663,54536,0.3025997774907607,0,R
NC,2016,District 35,31008,49644,0.38446659723255466,0,R
NC,2016,District 36,34065,44630,0.43287375309740134,0,R
NC,2016,District 37,52131,13344,0.7961970217640321,0,D
NC,2016,District 38,53411,11950,0.817169259956243,0,D
NC,2016,District 39,44205,49638,0.47105271570601964,0,R
NC,2016,District 4,36343,25329,0.5892949798936308,0,D
NC,2016,District 40,44640,14397,0.7561359825194369,0,D
NC,2016,District 41,49317,37438,0.5684629128004149,0,D
NC,2016,District 42,22447,44188,0.33686501088016807,0,R
NC,2016,District 43,22760,42740,0.3474809160305343,0,R
NC,2016,District 44,21148,46719,0.3116094714662502,0,R
NC,2016,District 45,26081,48832,0.34815052127134144,0,R
NC,2016,District 46,18196,42338,0.30059140317837907,0,R
NC,2016,District 47,26654,44080,0.37682019962111574,0,R
NC,2016,District 48,38074,48956,0.43748132827760544,0,R
NC,2016,District 49,60875,32417,0.6525211164944476,0,D
NC,2016,District 5,35692,28979,0.5519011612623896,0,D
NC,2016,District 50,31761,48265,0.396883512858321,0,R
NC,2016,District 6,14437,26968,0.3486776959304432,0,R
NC,2016,District 7,25829,30233,0.460722057721808,0,R
NC,2016,District 8,35959,54623,0.39697732441323885,0,R
NC,2016,District 9,41998,41792,0.5012292636352786,0,D
ND,2016,District 1,1152,4390,0.20786719595813785,0,R
ND,2016,District 11,4130,2505,0.6224566691785983,0,D
ND,2016,District 13,2939,4151,0.4145275035260931,0,R
ND,2016,District 15,1955,4113,0.3221819380355966,0,R
ND,2016,District 17,3584,5176,0.4091324200913242,0,R
ND,2016,District 19,1741,3732,0.31810707107619224,0,R
ND,2016,District 21,3482,1835,0.6548805717509874,0,D
ND,2016,District 23,3401,2842,0.5447701425596668,0,D
ND,2016,District 25,3133,3154,0.49832988706855413,0,R
ND,2016,District 27,4014,5047,0.44299746164882464,0,R
ND,2016,District 29,1952,4712,0.2929171668667467,0,R
ND,2016,District 3,1307,3081,0.29785779398359163,0,R
ND,2016,District 31,2510,4682,0.34899888765294773,0,R
ND,2016,District 33,0,6314,0.0,0,R
ND,2016,District 35,3992,3343,0.5442399454669393,0,D
ND,2016,District 37,1186,5212,0.18537042825883088,0,R
ND,2016,District 39,0,7989,0.0,0,R
ND,2016,District 41,3384,3607,0.48405092261479044,0,R
ND,2016,District 43,2692,2420,0.52660406885759,0,D
ND,2016,District 45,2356,3478,0.4038395611930065,0,R
ND,2016,District 47,2913,5896,0.3306845271881031,0,R
ND,2016,District 5,1724,3912,0.3058907026259759,0,R
ND,2016,District 7,0,8545,0.0,0,R
ND,2016,District 9,4377,0,1.0,0,D
NH,2016,District 1,8739,10560,0.45282138970931135,0,R
NH,2016,District 10,15036,7538,0.6660760166563303,0,D
NH,2016,District 11,13361,12205,0.522608151451146,0,D
NH,2016,District 12,12553,12384,0.5033885391185788,0,D
NH,2016,District 13,11307,7259,0.6090164817408166,0,D
NH,2016,District 14,9424,12823,0.4236076774396548,0,R
NH,2016,District 15,15929,8119,0.6623835662009314,0,D
NH,2016,District 16,12990,11853,0.5228837096968965,0,D
NH,2016,District 17,10578,13172,0.4453894736842105,0,R
NH,2016,District 18,10276,8066,0.5602442481735906,0,D
NH,2016,District 19,9269,12192,0.4318997250827082,0,R
NH,2016,District 2,11376,12127,0.4840233161724035,0,R
NH,2016,District 20,9903,7047,0.5842477876106195,0,D
NH,2016,District 21,19084,7324,0.7226598000605877,0,D
NH,2016,District 22,9155,13571,0.40284255918331424,0,R
NH,2016,District 23,12911,12806,0.5020414511801532,0,D
NH,2016,District 24,15664,13832,0.5310550583129916,0,D
NH,2016,District 3,10895,14841,0.42333695990052844,0,R
NH,2016,District 4,15299,0,1.0,0,D
NH,2016,District 5,16932,6862,0.7116079683953938,0,D
NH,2016,District 6,9537,11602,0.4511566299257297,0,R
NH,2016,District 7,10141,11616,0.4661028634462472,0,R
NH,2016,District 8,12212,12859,0.4870966455267042,0,R
NH,2016,District 9,14037,12776,0.5235147130123448,0,D
NV,2016,District 10,20383,0,1.0,0,D
NV,2016,District 12,23133,37193,0.3834664986904486,0,R
NV,2016,District 13,27079,0,1.0,0,D
NV,2016,District 14,21460,32913,0.3946811836757214,0,R
NV,2016,District 16,26674,36317,0.42345731929958247,0,R
NV,2016,District 17,16384,41774,0.2817153272120774,0,R
NV,2016,District 2,13717,3537,0.7950040570302539,0,D
NV,2016,District 20,27138,27162,0.4997790055248619,0,R
NV,2016,District 21,22391,13721,0.6200431989366415,0,D
NV,2016,District 8,25777,24154,0.5162524283511245,0,D
NV,2016,District 9,30900,24660,0.5561555075593952,0,D
NY,2016,District 1,53790,71017,0.43098544152170953,0,R
NY,2016,District 10,63704,0,1.0,0,D
NY,2016,District 11,42047,19062,0.688065587720303,0,D
NY,2016,District 12,71968,0,1.0,0,D
NY,2016,District 13,43459,0,1.0,0,D
NY,2016,District 14,78377,0,1.0,0,D
NY,2016,District 15,46968,26281,0.6412101189094732,0,D
NY,2016,District 16,42816,0,1.0,0,D
NY,2016,District 17,41544,0,1.0,0,D
NY,2016,District 18,71329,0,1.0,0,D
NY,2016,District 19,69320,7820,0.8986258750324086,0,D
NY,2016,District 2,54152,66054,0.45049331980100826,0,R
NY,2016,District 20,73174,0,1.0,0,D
NY,2016,District 21,94457,0,1.0,0,D
NY,2016,District 22,33507,32236,0.509666428364997,0,D
NY,2016,District 23,44995,18084,0.7133118787552117,0,D
NY,2016,District 24,0,80153,0.0,0,R
NY,2016,District 25,110175,0,1.0,0,D
NY,2016,District 26,80113,10145,0.8875999911365198,0,D
NY,2016,District 27,107233,0,1.0,0,D
NY,2016,District 28,93280,20348,0.8209244200373147,0,D
NY,2016,District 29,68681,5237,0.9291512216239617,0,D
NY,2016,District 3,49160,46164,0.5157148252276447,0,D
NY,2016,District 30,96528,0,1.0,0,D
NY,2016,District 31,86966,6235,0.9331015761633459,0,D
NY,2016,District 32,59149,2183,0.9644068349311942,0,D
NY,2016,District 33,46533,2099,0.9568391182760323,0,D
NY,2016,District 34,60582,11875,0.8361096926452931,0,D
NY,2016,District 35,80074,0,1.0,0,D
NY,2016,District 36,74705,0,1.0,0,D
NY,2016,District 37,76839,0,1.0,0,D
NY,2016,District 38,63009,33327,0.6540545590433483,0,D
NY,2016,District 39,51548,43988,0.5395662368112544,0,D
NY,2016,District 4,49131,52767,0.4821586292174527,0,R
NY,2016,District 40,62155,58321,0.515911882864637,0,D
NY,2016,District 41,58746,59434,0.49708918598747676,0,R
NY,2016,District 42,52292,48572,0.5184406725888325,0,D
NY,2016,District 43,59615,67377,0.46943901978077357,0,R
NY,2016,District 44,68730,28534,0.7066334923507156,0,D
NY,2016,District 45,36061,65270,0.3558733260305336,0,R
NY,2016,District 46,54116,68259,0.44221450459652706,0,R
NY,2016,District 47,0,74552,0.0,0,R
NY,2016,District 48,0,70007,0.0,0,R
NY,2016,District 49,44285,64553,0.40688913798489496,0,R
NY,2016,District 5,68027,55825,0.5492604075832446,0,D
NY,2016,District 50,59998,61983,0.4918634869364901,0,R
NY,2016,District 51,38610,67101,0.36524108181740783,0,R
NY,2016,District 52,0,81094,0.0,0,R
NY,2016,District 53,48076,34648,0.5811614525409796,0,D
NY,2016,District 54,41269,67223,0.38038749400877486,0,R
NY,2016,District 55,61407,66279,0.4809219491565246,0,R
NY,2016,District 56,42497,53091,0.4445850943633092,0,R
NY,2016,District 57,0,78364,0.0,0,R
NY,2016,District 58,39814,58487,0.40502131209245074,0,R
NY,2016,District 59,0,91738,0.0,0,R
NY,2016,District 6,55204,53396,0.5083241252302025,0,D
NY,2016,District 60,48943,61687,0.4424026032721685,0,R
NY,2016,District 61,51471,60780,0.45853489055776786,0,R
NY,2016,District 62,0,69118,0.0,0,R
NY,2016,District 63,70221,0,1.0,0,D
NY,2016,District 7,62677,51075,0.5509969055489135,0,D
NY,2016,District 8,63679,52488,0.5481677240524417,0,D
NY,2016,District 9,73412,45417,0.6177953193244073,0,D
OH,2016,District 1,32765,89810,0.2673057311849888,0,R
OH,2016,District 11,73934,32567,0.694209444042779,0,D
OH,2016,District 13,58159,69286,0.4563458746910432,0,R
OH,2016,District 15,107505,22778,0.8251652172578157,0,D
OH,2016,District 17,33573,79880,0.29591989634474186,0,R
OH,2016,District 19,77247,81623,0.4862277333669038,0,R
OH,2016,District 21,97282,13621,0.8771809599379639,0,D
OH,2016,District 23,69907,36968,0.6541005847953216,0,D
OH,2016,District 25,97503,32506,0.7499711558430571,0,D
OH,2016,District 27,59711,84031,0.41540398770018505,0,R
OH,2016,District 29,50932,75449,0.40300361604988094,0,R
OH,2016,District 3,66438,65733,0.5026669995687405,0,D
OH,2016,District 31,42578,86019,0.3310963708329121,0,R
OH,2016,District 33,60575,66731,0.47582203509653903,0,R
OH,2016,District 5,55669,62574,0.4708016542205458,0,R
OH,2016,District 7,60344,98370,0.38020590496112505,0,R
OH,2016,District 9,99205,30833,0.7628923853027576,0,D
OK,2016,District 12,6425,18581,0.25693833479964806,0,R
OK,2016,District 14,6806,16089,0.29727014632015725,0,R
OK,2016,District 16,15527,9157,0.6290309512234646,0,D
OK,2016,District 18,8707,17038,0.3382015925422412,0,R
OK,2016,District 2,10722,18260,0.36995376440549305,0,R
OK,2016,District 20,8118,19023,0.2991046755830662,0,R
OK,2016,District 22,11377,24465,0.3174209028514034,0,R
OK,2016,District 24,10097,17573,0.36490784242862306,0,R
OK,2016,District 28,0,17208,0.0,0,R
OK,2016,District 30,12245,10260,0.5441013108198178,0,D
OK,2016,District 32,6867,8439,0.44864758918071346,0,R
OK,2016,District 36,8704,14301,0.3783525320582482,0,R
OK,2016,District 38,7425,13891,0.3483298930380935,0,R
OK,2016,District 4,7703,13189,0.36870572467930307,0,R
OK,2016,District 40,15572,10426,0.5989691514731903,0,D
OK,2016,District 42,10222,12025,0.45947768238414166,0,R
OK,2016,District 48,19385,4285,0.8189691592733418,0,D
OK,2016,District 6,7444,14396,0.34084249084249085,0,R
OK,2016,District 8,8270,12827,0.39199886239749726,0,R
OR,2016,District 1,21012,37901,0.35666151783137845,0,R
OR,2016,District 10,28210,33145,0.4597832287507131,0,R
OR,2016,District 11,22772,14760,0.6067355856335926,0,D
OR,2016,District 13,27415,34888,0.44002696499366,0,R
OR,2016,District 15,30770,21037,0.5939351825042948,0,D
OR,2016,District 16,50398,10637,0.8257229458507414,0,D
OR,2016,District 17,46784,0,1.0,0,D
OR,2016,District 19,47521,24913,0.6560593091642046,0,D
OR,2016,District 20,29927,33685,0.4704615481355719,0,R
OR,2016,District 24,30887,0,1.0,0,D
OR,2016,District 26,29263,29472,0.4982208223376181,0,R
OR,2016,District 3,35834,29065,0.5521502642567682,0,D
OR,2016,District 30,15525,39536,0.28196000799113713,0,R
OR,2016,District 4,38623,25031,0.6067646966412166,0,D
OR,2016,District 6,32925,22671,0.5922188646665227,0,D
OR,2016,District 7,38262,0,1.0,0,D
OR,2016,District 8,38119,20959,0.6452317275466333,0,D
PA,2016,District 10,67438,60935,0.5253285348165112,0,D
PA,2016,District 12,62069,55742,0.5268523312763664,0,D
PA,2016,District 14,51521,0,1.0,0,D
PA,2016,District 16,46200,48897,0.4858197419476955,0,R
PA,2016,District 18,65705,0,1.0,0,D
PA,2016,District 2,58717,0,1.0,0,D
PA,2016,District 20,0,67350,0.0,0,R
PA,2016,District 22,59249,37363,0.6132675030016975,0,D
PA,2016,District 24,49558,54586,0.47586034721155324,0,R
PA,2016,District 26,65660,55287,0.5428824195722093,0,D
PA,2016,District 28,37105,62380,0.37297079961803287,0,R
PA,2016,District 30,23684,63611,0.2713099261126067,0,R
PA,2016,District 32,28371,54417,0.3426945934193361,0,R
PA,2016,District 34,39075,49259,0.44235515203658843,0,R
PA,2016,District 36,35280,69851,0.3355813223502107,0,R
PA,2016,District 38,62361,61568,0.503199412566873,0,D
PA,2016,District 4,110147,17068,0.8658334315921865,0,D
PA,2016,District 40,42396,54783,0.4362670947426913,0,R
PA,2016,District 42,86288,0,1.0,0,D
PA,2016,District 44,62692,57943,0.5196833423135906,0,D
PA,2016,District 46,38908,55527,0.41200825964949433,0,R
PA,2016,District 48,35545,60357,0.37063877708494086,0,R
PA,2016,District 50,29125,55648,0.3435645783445201,0,R
PA,2016,District 6,54308,54382,0.4996595822982795,0,R
PA,2016,District 8,86092,0,1.0,0,D
RI,2016,District 1,5452,0,1.0,0,D
RI,2016,District 10,8635,0,1.0,0,D
RI,2016,District 11,6798,4103,0.6236125126135217,0,D
RI,2016,District 12,7296,3714,0.6626702997275205,0,D
RI,2016,District 13,7166,2827,0.717101971379966,0,D
RI,2016,District 14,6867,0,1.0,0,D
RI,2016,District 15,5614,0,1.0,0,D
RI,2016,District 16,3399,0,1.0,0,D
RI,2016,District 17,5860,5998,0.4941811435317929,0,R
RI,2016,District 18,6748,0,1.0,0,D
RI,2016,District 19,6446,4429,0.592735632183908,0,D
RI,2016,District 2,5037,0,1.0,0,D
RI,2016,District 20,4938,3073,0.6164024466358756,0,D
RI,2016,District 21,3377,5271,0.39049491211840887,0,R
RI,2016,District 22,7018,3829,0.6469991702774961,0,D
RI,2016,District 23,4983,6217,0.44491071428571427,0,R
RI,2016,District 24,3832,0,1.0,0,D
RI,2016,District 25,6123,4163,0.5952751312463542,0,D
RI,2016,District 26,7916,0,1.0,0,D
RI,2016,District 27,7045,4588,0.6056047451216368,0,D
RI,2016,District 28,7781,0,1.0,0,D
RI,2016,District 29,9187,0,1.0,0,D
RI,2016,District 3,9426,0,1.0,0,D
RI,2016,District 30,8443,0,1.0,0,D
RI,2016,District 31,7052,4429,0.6142322097378277,0,D
RI,2016,District 32,8826,4224,0.6763218390804597,0,D
RI,2016,District 33,6154,5099,0.5468763885186173,0,D
RI,2016,District 34,5484,6529,0.4565054524265379,0,R
RI,2016,District 35,7136,6097,0.5392579158165193,0,D
RI,2016,District 36,8830,4313,0.671840523472571,0,D
RI,2016,District 37,9405,0,1.0,0,D
RI,2016,District 38,0,9152,0.0,0,R
RI,2016,District 4,7293,0,1.0,0,D
RI,2016,District 5,5868,0,1.0,0,D
RI,2016,District 6,5473,0,1.0,0,D
RI,2016,District 7,5075,0,1.0,0,D
RI,2016,District 8,4707,1752,0.7287505805852299,0,D
RI,2016,District 9,5487,3242,0.6285943407034025,0,D
SD,2016,District 1,5886,0,1.0,0,D
SD,2016,District 10,3558,5240,0.4044100932030007,0,R
SD,2016,District 11,4058,6190,0.39597970335675253,0,R
SD,2016,District 12,4845,4869,0.49876466954910437,0,R
SD,2016,District 13,5215,6165,0.45826010544815465,0,R
SD,2016,District 14,4268,6531,0.3952217797944254,0,R
SD,2016,District 15,3258,0,1.0,0,D
SD,2016,District 16,3131,6815,0.3147999195656545,0,R
SD,2016,District 17,3145,4953,0.3883674981476908,0,R
SD,2016,District 18,4518,4061,0.5266348059214361,0,D
SD,2016,District 19,2642,7531,0.2597070677283004,0,R
SD,2016,District 2,3207,6574,0.32788058480727944,0,R
SD,2016,District 20,2507,6606,0.2751015033468671,0,R
SD,2016,District 21,4084,4918,0.45367696067540547,0,R
SD,2016,District 22,2234,5933,0.2735398555161014,0,R
SD,2016,District 23,1661,7869,0.17429171038824764,0,R
SD,2016,District 24,3519,6989,0.33488770460601447,0,R
SD,2016,District 25,0,6583,0.0,0,R
SD,2016,District 26,3896,3450,0.5303566566839096,0,D
SD,2016,District 27,3673,2598,0.5857120076542817,0,D
SD,2016,District 28,2764,5818,0.3220694476811932,0,R
SD,2016,District 29,2558,6422,0.2848552338530067,0,R
SD,2016,District 3,3787,5338,0.415013698630137,0,R
SD,2016,District 30,2943,6652,0.3067222511724857,0,R
SD,2016,District 31,3710,6962,0.3476386806596702,0,R
SD,2016,District 32,3404,5602,0.37797024206084834,0,R
SD,2016,District 33,4018,6655,0.37646397451513164,0,R
SD,2016,District 34,3769,6332,0.3731313731313731,0,R
SD,2016,District 35,2650,4323,0.3800372866771834,0,R
SD,2016,District 4,3525,6500,0.3516209476309227,0,R
SD,2016,District 5,0,6358,0.0,0,R
SD,2016,District 6,3725,6945,0.34910965323336457,0,R
SD,2016,District 7,0,4628,0.0,0,R
SD,2016,District 8,4481,5517,0.44818963792758554,0,R
SD,2016,District 9,3640,4759,0.43338492677699725,0,R
TN,2016,District 1,0,43262,0.0,0,R
TN,2016,District 11,27332,51082,0.348560206085648,0,R
TN,2016,District 13,25974,36594,0.415132336018412,0,R
TN,2016,District 15,17512,48919,0.2636118679532146,0,R
TN,2016,District 17,22452,53364,0.29613801836024056,0,R
TN,2016,District 19,49586,0,1.0,0,D
TN,2016,District 2,0,55595,0.0,0,R
TN,2016,District 21,55905,0,1.0,0,D
TN,2016,District 23,33710,68118,0.33104843461523353,0,R
TN,2016,District 25,18795,47188,0.28484609672188294,0,R
TN,2016,District 27,19177,35837,0.3485839968008143,0,R
TN,2016,District 29,43851,8679,0.83478012564249,0,D
TN,2016,District 3,0,50236,0.0,0,R
TN,2016,District 31,39086,40504,0.49109184570925996,0,R
TN,2016,District 33,42992,0,1.0,0,D
TN,2016,District 5,18948,48336,0.2816122703763153,0,R
TN,2016,District 7,30826,38558,0.44428110227141704,0,R
TN,2016,District 9,12887,45006,0.22260031437306754,0,R
TX,2016,District 10,148959,138968,0.5173498838247195,0,D
TX,2016,District 14,276052,96834,0.7403120524771646,0,D
TX,2016,District 15,153016,75518,0.6695546395722299,0,D
TX,2016,District 16,159228,134933,0.5412954130561155,0,D
TX,2016,District 17,143978,158263,0.4763681962407483,0,R
TX,2016,District 2,104859,153122,0.4064601656711153,0,R
TX,2016,District 25,173667,236710,0.4231889214064141,0,R
TX,2016,District 3,56391,215048,0.20774833387980357,0,R
TX,2016,District 30,82663,234364,0.26074435300463367,0,R
TX,2016,District 31,0,174343,0.0,0,R
TX,2016,District 5,136789,182538,0.4283665333654843,0,R
TX,2016,District 7,124232,177864,0.41123351517398443,0,R
TX,2016,District 8,162157,169995,0.4882011849996387,0,R
TX,2016,District 9,112537,132256,0.4597231129975122,0,R
UT,2016,District 11,13327,27995,0.3225158511204685,0,R
UT,2016,District 12,12400,13835,0.47265103868877456,0,R
UT,2016,District 15,0,20010,0.0,0,R
UT,2016,District 17,8110,28471,0.22169978950821465,0,R
UT,2016,District 18,9489,20278,0.3187758255786609,0,R
UT,2016,District 2,32930,10030,0.7665270018621974,0,D
UT,2016,District 21,9435,23889,0.28312927619733524,0,R
UT,2016,District 22,0,32765,0.0,0,R
UT,2016,District 26,13758,24727,0.3574899311420034,0,R
UT,2016,District 28,7442,28236,0.20858792533213746,0,R
UT,2016,District 3,22362,9566,0.7003883738411426,0,D
UT,2016,District 4,34651,17000,0.6708679406013436,0,D
UT,2016,District 5,17129,7814,0.6867257346750592,0,D
UT,2016,District 8 (2 year term),23221,17328,0.5726651705344151,0,D
UT,2016,District 9,0,24410,0.0,0,R
WA,2016,District 13,0,38038,0.0,0,R
WA,2016,District 15,13195,20285,0.394115890083632,0,R
WA,2016,District 21,37567,21914,0.6315798322153293,0,D
WA,2016,District 26,35087,34983,0.5007421150278293,0,D
WA,2016,District 29,23120,0,1.0,0,D
WA,2016,District 30,25505,21517,0.5424056824465144,0,D
WA,2016,District 31,25320,37834,0.4009247236912943,0,R
WA,2016,District 32,40920,0,1.0,0,D
WA,2016,District 33,32552,0,1.0,0,D
WA,2016,District 34,40516,0,1.0,0,D
WA,2016,District 35,30874,0,1.0,0,D
WA,2016,District 36,78753,0,1.0,0,D
WA,2016,District 37,57501,7096,0.8901496973543663,0,D
WA,2016,District 38,29618,0,1.0,0,D
WA,2016,District 39,24374,34971,0.410716993849524,0,R
WA,2016,District 42,36295,36341,0.49968335260752245,0,R
WA,2016,District 43,75660,7965,0.9047533632286996,0,D
WA,2016,District 44,37656,29445,0.5611838869763491,0,D
WA,2016,District 45,45264,26100,0.6342693795190852,0,D
WA,2016,District 46,65162,13842,0.8247936813325908,0,D
WA,2016,District 47,28394,27413,0.5087892199903238,0,D
WA,2016,District 48,33533,0,1.0,0,D
WA,2016,District 6,31316,38056,0.45142132272386554,0,R
WA,2016,District 7,21592,48042,0.31007840997214003,0,R
WA,2016,District 8,19194,39960,0.3244750988944112,0,R
WI,2016,District 1,39414,47289,0.45458634649320095,0,R
WI,2016,District 11,0,59512,0.0,0,R
WI,2016,District 13,34385,49668,0.40908712360058536,0,R
WI,2016,District 15,53458,4,0.9999251805020388,0,D
WI,2016,District 17,31757,37465,0.4587703331310855,0,R
WI,2016,District 19,38179,43493,0.46746743069840335,0,R
WI,2016,District 21,35111,48603,0.41941610722220896,0,R
WI,2016,District 23,29637,42958,0.40825125697362075,0,R
WI,2016,District 25,39624,37960,0.5107238605898123,0,D
WI,2016,District 27,64605,32992,0.6619568224433128,0,D
WI,2016,District 29,27627,49657,0.3574737332436209,0,R
WI,2016,District 3,36875,0,1.0,0,D
WI,2016,District 31,40073,35684,0.5289676201539132,0,D
WI,2016,District 33,0,68759,0.0,0,R
WI,2016,District 5,45591,47836,0.48798527192353386,0,R
WI,2016,District 7,56198,28459,0.6638316973197728,0,D
WI,2016,District 9,31684,44680,0.414907548059295,0,R
WV,2016,District 1,18450,16438,0.5288351295574409,0,D
WV,2016,District 10,17495,15421,0.5315044355328715,0,D
WV,2016,District 11,9953,23718,0.29559561640580917,0,R
WV,2016,District 12,18919,15791,0.5450590607893979,0,D
WV,2016,District 13,18692,17129,0.5218168113676335,0,D
WV,2016,District 14,14492,21936,0.39782584824859996,0,R
WV,2016,District 15,0,25937,0.0,0,R
WV,2016,District 16,18802,17257,0.5214232230511107,0,D
WV,2016,District 17,16735,18466,0.4754126303230022,0,R
WV,2016,District 2,13944,19895,0.4120689145660333,0,R
WV,2016,District 3,14818,19964,0.42602495543672014,0,R
WV,2016,District 4,13583,18885,0.4183503757545891,0,R
WV,2016,District 5,20305,13732,0.5965566883097805,0,D
WV,2016,District 6,10972,17536,0.3848744212150975,0,R
WV,2016,District 7,15181,11594,0.566984126984127,0,D
WV,2016,District 8,16537,16372,0.5025069130025221,0,D
WV,2016,District 9,13686,16111,0.4593079840252374,0,R
WY,2016,District 1,0,5557,0.0,0,R
WY,2016,District 11,1939,3757,0.34041432584269665,0,R
WY,2016,District 13,2108,2625,0.4453834777096979,0,R
WY,2016,District 15,0,4903,0.0,0,R
WY,2016,District 17,6008,3631,0.6233011723207802,0,D
WY,2016,District 19,0,5569,0.0,0,R
WY,2016,District 21,2810,5125,0.354127284183995,0,R
WY,2016,District 23,0,5116,0.0,0,R
WY,2016,District 25,2872,4012,0.4171993027309704,0,R
WY,2016,District 27,0,5451,0.0,0,R
WY,2016,District 29,0,5282,0.0,0,R
WY,2016,District 3,1449,5721,0.202092050209205,0,R
WY,2016,District 5,0,5382,0.0,0,R
WY,2016,District 7,0,3723,0.0,0,R
WY,2016,District 9,4669,0,1.0,0,D
