,State,Year,District,Dem Votes,GOP Votes,D Voteshare
0,AK,2016,District B,7336,8429,0.4653346019663812
1,AK,2016,District D,0,11689,0.0
2,AK,2016,District F,0,12284,0.0
3,AK,2016,District H,6125,4674,0.5671821464950458
4,AK,2016,District J,8103,0,1.0
5,AK,2016,District L,5971,7645,0.43852820211515864
6,AK,2016,District N,0,9570,0.0
7,AK,2016,District P,0,12950,0.0
8,AK,2016,District R,0,12882,0.0
9,AK,2016,District T,8603,0,1.0
10,AR,2016,District 22,9477,14453,0.3960300877559549
11,AR,2016,District 26,21040,0,1.0
12,AR,2016,District 27,13986,16803,0.45425314235603625
13,AR,2016,District 32,28082,0,1.0
14,AR,2016,District 34,15541,21497,0.419596090501647
15,AZ,2016,District 1,0,87011,0.0
16,AZ,2016,District 10,50850,43526,0.5388022378570823
17,AZ,2016,District 11,40390,59475,0.4044460021028388
18,AZ,2016,District 12,37178,69356,0.3489777911277151
19,AZ,2016,District 13,0,62124,0.0
20,AZ,2016,District 14,32229,54084,0.3733968231900177
21,AZ,2016,District 15,36414,62691,0.3674284849402149
22,AZ,2016,District 16,30180,56096,0.34980759423246327
23,AZ,2016,District 17,41676,54454,0.43353791740351605
24,AZ,2016,District 18,53962,50935,0.5144284393261962
25,AZ,2016,District 19,38817,0,1.0
26,AZ,2016,District 2,39693,27066,0.594571518446951
27,AZ,2016,District 20,28987,40122,0.4194388574570606
28,AZ,2016,District 21,0,64404,0.0
29,AZ,2016,District 22,38620,71863,0.3495560402957921
30,AZ,2016,District 23,0,88099,0.0
31,AZ,2016,District 24,54351,0,1.0
32,AZ,2016,District 25,0,69914,0.0
33,AZ,2016,District 26,40995,0,1.0
34,AZ,2016,District 27,40085,0,1.0
35,AZ,2016,District 28,48124,50436,0.4882711038961039
36,AZ,2016,District 29,29638,13615,0.6852241463019906
37,AZ,2016,District 3,48887,0,1.0
38,AZ,2016,District 30,27941,14152,0.6637920794431378
39,AZ,2016,District 4,37668,0,1.0
40,AZ,2016,District 5,0,62615,0.0
41,AZ,2016,District 6,47557,49318,0.4909109677419355
42,AZ,2016,District 7,54421,0,1.0
43,AZ,2016,District 8,28585,32366,0.46898328165247494
44,AZ,2016,District 9,68109,0,1.0
45,CA,2016,District 1,323004,574628,0.35984011265195537
46,CA,2016,District 11,410778,0,1.0
47,CA,2016,District 13,592800,188538,0.7586985401964322
48,CA,2016,District 15,313531,0,1.0
49,CA,2016,District 17,537612,282678,0.6553926050543101
50,CA,2016,District 19,449668,263196,0.6307907258607532
51,CA,2016,District 21,285772,320086,0.47168148311980695
52,CA,2016,District 23,283066,368940,0.4341463115370104
53,CA,2016,District 25,436484,318028,0.5784984201709185
54,CA,2016,District 27,437310,345654,0.5585314267322635
55,CA,2016,District 29,320460,315464,0.5039281423566339
56,CA,2016,District 3,357628,0,1.0
57,CA,2016,District 31,335148,218476,0.6053711544297212
58,CA,2016,District 33,355942,0,1.0
59,CA,2016,District 35,252808,0,1.0
60,CA,2016,District 37,344910,456960,0.43013206629503536
61,CA,2016,District 39,517372,310106,0.6252395834088641
62,CA,2016,District 5,349694,267208,0.5668550272166406
63,CA,2016,District 7,540970,270244,0.666864723735044
64,CA,2016,District 9,379706,0,1.0
65,CO,2016,District 10,24430,47832,0.3380753369682544
66,CO,2016,District 12,0,45938,0.0
67,CO,2016,District 14,52902,32886,0.6166596726814939
68,CO,2016,District 17,57649,0,1.0
69,CO,2016,District 18,67799,17370,0.7960525543331494
70,CO,2016,District 19,39070,37592,0.5096397172001774
71,CO,2016,District 21,38428,352,0.9909231562661166
72,CO,2016,District 23,40281,55528,0.42043023098038806
73,CO,2016,District 25,27678,30074,0.47925612965784736
74,CO,2016,District 26,42145,36666,0.5347603760896321
75,CO,2016,District 27,38489,44169,0.46564155919572214
76,CO,2016,District 28,39143,31096,0.5572829909309642
77,CO,2016,District 29,30998,22503,0.579391039419824
78,CO,2016,District 31,57793,25268,0.695789841201045
79,CO,2016,District 33,57049,12564,0.8195164696249264
80,CO,2016,District 35,23358,38880,0.37530126289405186
81,CO,2016,District 4,27779,62981,0.3060709563684442
82,CO,2016,District 8,32530,39526,0.4514544243366271
83,CT,2016,District 1,20437,6052,0.7715278039941108
84,CT,2016,District 10,26153,0,1.0
85,CT,2016,District 11,28731,0,1.0
86,CT,2016,District 12,32089,21208,0.6020789162617033
87,CT,2016,District 13,20866,21761,0.4895019588523706
88,CT,2016,District 14,26549,20836,0.5602827899124195
89,CT,2016,District 15,20312,0,1.0
90,CT,2016,District 16,17966,29610,0.377627375147133
91,CT,2016,District 17,20769,21602,0.49017016355526183
92,CT,2016,District 18,18447,24795,0.4265991397252671
93,CT,2016,District 19,24614,17452,0.5851281319830742
94,CT,2016,District 2,30772,5888,0.8393889798145118
95,CT,2016,District 20,17761,26501,0.4012697121684515
96,CT,2016,District 21,16561,30966,0.3484545626696404
97,CT,2016,District 22,22271,16885,0.5687761773419144
98,CT,2016,District 23,19689,2583,0.8840247844827587
99,CT,2016,District 24,18745,20501,0.4776282933292565
100,CT,2016,District 25,26509,17573,0.6013565627693843
101,CT,2016,District 26,22898,34627,0.3980530204259018
102,CT,2016,District 27,24149,11993,0.6681699961263904
103,CT,2016,District 28,21441,32659,0.39632162661737524
104,CT,2016,District 29,22180,18280,0.5481957488877904
105,CT,2016,District 3,23913,18650,0.5618259991072058
106,CT,2016,District 30,21042,26676,0.44096567333081854
107,CT,2016,District 31,18053,27162,0.399270153710052
108,CT,2016,District 32,17099,33090,0.3406921835461954
109,CT,2016,District 33,22954,31594,0.420803695827528
110,CT,2016,District 34,0,35049,0.0
111,CT,2016,District 35,19199,31829,0.3762444148310731
112,CT,2016,District 36,19291,28901,0.40029465471447545
113,CT,2016,District 4,24146,23557,0.5061736159151417
114,CT,2016,District 5,30655,21128,0.5919896491126432
115,CT,2016,District 6,18227,10788,0.6281923143201792
116,CT,2016,District 7,18388,28651,0.39090967069878185
117,CT,2016,District 8,18204,32839,0.35664047959563505
118,CT,2016,District 9,29684,17213,0.6329615966906199
119,DE,2016,District 1,11858,9195,0.5632451432099939
120,DE,2016,District 12,18961,0,1.0
121,DE,2016,District 13,14503,0,1.0
122,DE,2016,District 14,13454,9138,0.595520538243626
123,DE,2016,District 15,0,15036,0.0
124,DE,2016,District 19,0,14003,0.0
125,DE,2016,District 20,6831,17908,0.27612272120942644
126,DE,2016,District 5,9596,14083,0.4052536002364965
127,DE,2016,District 7,9398,9604,0.49457951794547944
128,DE,2016,District 8,8862,8115,0.522000353419332
129,DE,2016,District 9,13500,0,1.0
130,FL,2016,District 1,0,199929,0.0
131,FL,2016,District 11,151329,0,1.0
132,FL,2016,District 12,0,216234,0.0
133,FL,2016,District 13,129598,93444,0.5810475157145291
134,FL,2016,District 14,0,158946,0.0
135,FL,2016,District 15,142432,97862,0.5927405594813021
136,FL,2016,District 16,0,189514,0.0
137,FL,2016,District 17,100091,164146,0.37879252337863356
138,FL,2016,District 18,97211,113125,0.462170051726761
139,FL,2016,District 19,141305,69875,0.6691211288947817
140,FL,2016,District 22,101261,116464,0.4650866919278907
141,FL,2016,District 23,110937,157910,0.41263990299315223
142,FL,2016,District 25,83027,152943,0.3518540492435479
143,FL,2016,District 27,0,181783,0.0
144,FL,2016,District 28,0,179126,0.0
145,FL,2016,District 3,159288,77192,0.6735791610284168
146,FL,2016,District 30,119559,101516,0.540807418296958
147,FL,2016,District 34,128640,75368,0.6305635073134387
148,FL,2016,District 36,67003,81972,0.44976002685014266
149,FL,2016,District 37,87794,81938,0.5172507246718356
150,FL,2016,District 38,117948,0,1.0
151,FL,2016,District 39,82117,97343,0.45757829042683607
152,FL,2016,District 40,80551,100170,0.44572019853807804
153,FL,2016,District 7,98378,174320,0.3607580546978709
154,FL,2016,District 8,107990,119895,0.47387936897996796
155,GA,2016,District 1,0,59151,0.0
156,GA,2016,District 10,70764,0,1.0
157,GA,2016,District 11,0,49068,0.0
158,GA,2016,District 12,48863,0,1.0
159,GA,2016,District 13,16853,43534,0.27908324639409143
160,GA,2016,District 14,0,63251,0.0
161,GA,2016,District 15,44076,0,1.0
162,GA,2016,District 16,0,66383,0.0
163,GA,2016,District 17,32772,48444,0.403516548463357
164,GA,2016,District 18,0,60751,0.0
165,GA,2016,District 19,0,43329,0.0
166,GA,2016,District 2,54264,0,1.0
167,GA,2016,District 20,0,60774,0.0
168,GA,2016,District 21,0,78154,0.0
169,GA,2016,District 22,52532,0,1.0
170,GA,2016,District 23,0,52831,0.0
171,GA,2016,District 24,25988,56883,0.31359582966297017
172,GA,2016,District 25,0,60036,0.0
173,GA,2016,District 26,47812,0,1.0
174,GA,2016,District 27,20153,73417,0.2153788607459656
175,GA,2016,District 28,0,68100,0.0
176,GA,2016,District 29,26282,47258,0.35738373674190915
177,GA,2016,District 3,0,53872,0.0
178,GA,2016,District 30,0,58574,0.0
179,GA,2016,District 31,0,60268,0.0
180,GA,2016,District 32,0,78117,0.0
181,GA,2016,District 33,52902,0,1.0
182,GA,2016,District 34,53434,0,1.0
183,GA,2016,District 35,66099,0,1.0
184,GA,2016,District 36,66698,0,1.0
185,GA,2016,District 37,0,70588,0.0
186,GA,2016,District 38,59542,16265,0.7854419776537787
187,GA,2016,District 39,67041,0,1.0
188,GA,2016,District 4,0,54539,0.0
189,GA,2016,District 40,32785,42050,0.4380971470568584
190,GA,2016,District 41,52579,0,1.0
191,GA,2016,District 42,62146,18687,0.768819665235733
192,GA,2016,District 43,50436,21175,0.7043052045076874
193,GA,2016,District 44,66050,0,1.0
194,GA,2016,District 45,0,64059,0.0
195,GA,2016,District 46,0,62565,0.0
196,GA,2016,District 47,0,57837,0.0
197,GA,2016,District 48,0,51546,0.0
198,GA,2016,District 49,0,59242,0.0
199,GA,2016,District 5,35586,0,1.0
200,GA,2016,District 50,0,61180,0.0
201,GA,2016,District 51,0,70737,0.0
202,GA,2016,District 52,0,52820,0.0
203,GA,2016,District 53,0,55148,0.0
204,GA,2016,District 54,0,46908,0.0
205,GA,2016,District 55,61907,17686,0.7777945296696945
206,GA,2016,District 56,32969,49202,0.40122427620450035
207,GA,2016,District 6,39201,42338,0.480763806276751
208,GA,2016,District 7,0,48481,0.0
209,GA,2016,District 8,20661,37237,0.3568517047220975
210,GA,2016,District 9,0,65094,0.0
211,HI,2016,District 1 Vacancy,14488,0,1.0
212,HI,2016,District 10,13845,0,1.0
213,HI,2016,District 11,14943,3416,0.8139332207636581
214,HI,2016,District 13,10815,3826,0.738679051977324
215,HI,2016,District 15,9226,0,1.0
216,HI,2016,District 19,7880,4912,0.6160100062539087
217,HI,2016,District 2,11664,0,1.0
218,HI,2016,District 25,14212,6886,0.6736183524504692
219,HI,2016,District 9,13433,11985,0.5284837516720434
220,IA,2016,District 10,10006,20053,0.3328786719451745
221,IA,2016,District 12,0,20012,0.0
222,IA,2016,District 14,0,19482,0.0
223,IA,2016,District 16,14046,8114,0.6338447653429603
224,IA,2016,District 18,20388,0,1.0
225,IA,2016,District 2,0,27522,0.0
226,IA,2016,District 20,15238,22431,0.40452361358145955
227,IA,2016,District 22,15343,19413,0.4414489584532167
228,IA,2016,District 24,11006,19435,0.3615518544068855
229,IA,2016,District 26,11557,19165,0.3761799362020702
230,IA,2016,District 28,10823,17501,0.3821141081768112
231,IA,2016,District 30,19568,13754,0.5872396614849049
232,IA,2016,District 32,12441,18641,0.4002638182871115
233,IA,2016,District 34,20008,15673,0.5607466158459684
234,IA,2016,District 36,13111,14731,0.4709072624093097
235,IA,2016,District 38,10524,18567,0.36176136949572035
236,IA,2016,District 4,11889,18359,0.39305078021687384
237,IA,2016,District 40,0,23768,0.0
238,IA,2016,District 42,13434,13266,0.5031460674157303
239,IA,2016,District 44,13000,14410,0.47427946005107624
240,IA,2016,District 46,12615,16576,0.43215374601760814
241,IA,2016,District 48,10596,20065,0.34558559733863864
242,IA,2016,District 50,18345,10635,0.6330227743271222
243,IA,2016,District 6,0,20223,0.0
244,IA,2016,District 8,10510,12379,0.45917252828869765
245,ID,2016,District 1,5365,17264,0.2370851562154757
246,ID,2016,District 10,4524,9762,0.31667366652666945
247,ID,2016,District 11,3302,14206,0.18859949737262965
248,ID,2016,District 12,4412,11672,0.2743098731658791
249,ID,2016,District 13,5055,12439,0.28895621355893447
250,ID,2016,District 14,7903,19011,0.2936389982908523
251,ID,2016,District 15,8203,10580,0.43672469786509077
252,ID,2016,District 16,11360,8563,0.5701952517191186
253,ID,2016,District 17,10586,6235,0.6293323821413709
254,ID,2016,District 18,16833,0,1.0
255,ID,2016,District 19,19679,0,1.0
256,ID,2016,District 2,0,20240,0.0
257,ID,2016,District 20,6525,13787,0.3212386766443482
258,ID,2016,District 21,0,17462,0.0
259,ID,2016,District 22,0,13805,0.0
260,ID,2016,District 23,0,12422,0.0
261,ID,2016,District 24,6004,10698,0.35947790683750447
262,ID,2016,District 25,4620,12077,0.27669641252919686
263,ID,2016,District 26,10470,7863,0.5711012927507773
264,ID,2016,District 27,0,13259,0.0
265,ID,2016,District 28,7404,11880,0.3839452395768513
266,ID,2016,District 29,8018,7482,0.5172903225806451
267,ID,2016,District 3,0,16990,0.0
268,ID,2016,District 30,0,17000,0.0
269,ID,2016,District 31,0,13954,0.0
270,ID,2016,District 32,4139,16168,0.2038213423942483
271,ID,2016,District 33,0,11848,0.0
272,ID,2016,District 34,0,17305,0.0
273,ID,2016,District 35,0,16665,0.0
274,ID,2016,District 4,7793,13233,0.37063635498906117
275,ID,2016,District 5,10939,11275,0.49243720176465294
276,ID,2016,District 6,0,16722,0.0
277,ID,2016,District 7,5071,14318,0.2615400484810975
278,ID,2016,District 8,0,16015,0.0
279,ID,2016,District 9,3642,14370,0.2021985343104597
280,IL,2016,District 1,46434,0,1.0
281,IL,2016,District 10,63145,0,1.0
282,IL,2016,District 11,49632,0,1.0
283,IL,2016,District 13,78792,0,1.0
284,IL,2016,District 14,79949,0,1.0
285,IL,2016,District 16,67984,0,1.0
286,IL,2016,District 17,82868,0,1.0
287,IL,2016,District 19,83628,0,1.0
288,IL,2016,District 2,57000,0,1.0
289,IL,2016,District 20,60418,0,1.0
290,IL,2016,District 22,39835,21991,0.6443082198427846
291,IL,2016,District 23,44643,43429,0.506892088291398
292,IL,2016,District 25,45317,54636,0.4533830900523246
293,IL,2016,District 26,43738,63432,0.4081179434543249
294,IL,2016,District 28,47097,40950,0.5349074925891854
295,IL,2016,District 29,53744,37174,0.5911260696451748
296,IL,2016,District 31,48303,41044,0.540622516704534
297,IL,2016,District 32,31217,65150,0.32393869270600933
298,IL,2016,District 34,66412,0,1.0
299,IL,2016,District 35,0,78269,0.0
300,IL,2016,District 37,0,92654,0.0
301,IL,2016,District 38,40586,55848,0.4208681585332974
302,IL,2016,District 4,80583,0,1.0
303,IL,2016,District 40,71014,0,1.0
304,IL,2016,District 41,0,87665,0.0
305,IL,2016,District 43,67722,0,1.0
306,IL,2016,District 44,0,87022,0.0
307,IL,2016,District 46,70854,0,1.0
308,IL,2016,District 47,0,79854,0.0
309,IL,2016,District 49,51960,46581,0.5272932079033092
310,IL,2016,District 5,75700,0,1.0
311,IL,2016,District 50,0,89431,0.0
312,IL,2016,District 52,52401,33562,0.6095762130218815
313,IL,2016,District 53,0,84127,0.0
314,IL,2016,District 55,0,83806,0.0
315,IL,2016,District 56,78460,0,1.0
316,IL,2016,District 58,38905,59735,0.3944140308191403
317,IL,2016,District 59,43503,53501,0.448466042637417
318,IL,2016,District 7,82014,0,1.0
319,IL,2016,District 8,62149,0,1.0
320,IN,2016,District 10,31011,0,1.0
321,IN,2016,District 12,12476,29301,0.2986332192354645
322,IN,2016,District 13,10872,33720,0.24381054897739504
323,IN,2016,District 16,18110,35243,0.33943733248364666
324,IN,2016,District 18,0,39041,0.0
325,IN,2016,District 2,33465,0,1.0
326,IN,2016,District 20,19043,48651,0.28131001270422784
327,IN,2016,District 24,0,47493,0.0
328,IN,2016,District 28,21166,38404,0.3553130770522075
329,IN,2016,District 3,40458,0,1.0
330,IN,2016,District 30,33220,36848,0.47411086373237427
331,IN,2016,District 32,20202,31187,0.39311915001264863
332,IN,2016,District 33,42544,0,1.0
333,IN,2016,District 34,41398,0,1.0
334,IN,2016,District 35,18655,26631,0.41193746411694565
335,IN,2016,District 36,18384,26710,0.4076817314942121
336,IN,2016,District 37,0,48333,0.0
337,IN,2016,District 40,39664,0,1.0
338,IN,2016,District 42,14085,37843,0.27124094900631646
339,IN,2016,District 44,15406,36875,0.2946768424475431
340,IN,2016,District 5,23628,34771,0.4045959691090601
341,IN,2016,District 50,0,44623,0.0
342,IN,2016,District 7,14590,36158,0.2874990147394971
343,IN,2016,District 8,22373,31239,0.4173132880698351
344,IN,2016,District 9,0,41812,0.0
345,KS,2016,District 1,13076,18283,0.4169775821933097
346,KS,2016,District 10,17722,18673,0.4869350185465036
347,KS,2016,District 11,13983,25992,0.3497936210131332
348,KS,2016,District 12,6918,18998,0.26693934249112516
349,KS,2016,District 13,12291,15737,0.4385257599543314
350,KS,2016,District 14,7702,20452,0.27356681111032183
351,KS,2016,District 15,9963,15511,0.3911046557274083
352,KS,2016,District 16,11467,20980,0.35340709464665454
353,KS,2016,District 17,9147,13161,0.4100322754168908
354,KS,2016,District 18,15007,14076,0.5160059141078981
355,KS,2016,District 19,16181,12068,0.5727990371340579
356,KS,2016,District 2,24147,12378,0.6611088295687885
357,KS,2016,District 20,11775,22216,0.3464152275602365
358,KS,2016,District 21,15287,18149,0.45720181839933005
359,KS,2016,District 22,20849,0,1.0
360,KS,2016,District 23,12551,19277,0.3943383184617318
361,KS,2016,District 24,11228,16195,0.40943733362505924
362,KS,2016,District 25,11704,8308,0.5848490905456726
363,KS,2016,District 26,8911,20274,0.3053280794928902
364,KS,2016,District 27,11209,22252,0.3349869997908012
365,KS,2016,District 28,9353,9915,0.4854162341706456
366,KS,2016,District 29,14511,0,1.0
367,KS,2016,District 3,17214,16189,0.5153429332694668
368,KS,2016,District 30,11786,16636,0.41467876996692704
369,KS,2016,District 31,8026,23463,0.25488265743593
370,KS,2016,District 32,9844,16221,0.3776712065988874
371,KS,2016,District 33,6467,21114,0.23447300678002972
372,KS,2016,District 34,4664,21559,0.17785913129695305
373,KS,2016,District 35,8538,21271,0.2864235633533497
374,KS,2016,District 36,4686,26816,0.1487524601612596
375,KS,2016,District 37,11709,24965,0.31927250913453675
376,KS,2016,District 38,4130,12884,0.24274127189373457
377,KS,2016,District 39,3421,17231,0.16564981599845052
378,KS,2016,District 4,17090,0,1.0
379,KS,2016,District 40,8308,23964,0.257436787307883
380,KS,2016,District 5,12828,13336,0.49029200428069103
381,KS,2016,District 6,12640,0,1.0
382,KS,2016,District 7,18884,22439,0.45698521404544684
383,KS,2016,District 8,17758,19847,0.4722244382395958
384,KS,2016,District 9,13708,20574,0.3998599848316901
385,KY,2016,District 1,0,36264,0.0
386,KY,2016,District 11,0,47552,0.0
387,KY,2016,District 13,33373,0,1.0
388,KY,2016,District 15,0,39614,0.0
389,KY,2016,District 17,17302,36656,0.32065680714629896
390,KY,2016,District 19,39026,24214,0.6171094244149272
391,KY,2016,District 21,11185,33770,0.24880435991547104
392,KY,2016,District 23,0,37409,0.0
393,KY,2016,District 25,0,30577,0.0
394,KY,2016,District 27,14681,30548,0.32459262862322846
395,KY,2016,District 29,26890,0,1.0
396,KY,2016,District 3,0,28655,0.0
397,KY,2016,District 31,26598,0,1.0
398,KY,2016,District 33,34588,6432,0.8431984397854705
399,KY,2016,District 35,35860,0,1.0
400,KY,2016,District 37,31555,0,1.0
401,KY,2016,District 5,18006,31096,0.3667060404871492
402,KY,2016,District 7,39851,0,1.0
403,KY,2016,District 9,0,37791,0.0
404,MA,2016,District 1 Bristol and Plymouth,54618,0,1.0
405,MA,2016,District 1 Essex,65131,0,1.0
406,MA,2016,District 1 Essex and Middlesex,0,77851,0.0
407,MA,2016,District 1 Hampden and Hampshire,44602,35188,0.5589923549316957
408,MA,2016,District 1 Middlesex,56759,0,1.0
409,MA,2016,District 1 Middlesex and Norfolk,62668,0,1.0
410,MA,2016,District 1 Plymouth and Bristol,52915,28059,0.6534813643885692
411,MA,2016,District 1 Suffolk,59874,0,1.0
412,MA,2016,District 1 Suffolk and Middlesex,53407,0,1.0
413,MA,2016,District 1 Worcester,56545,0,1.0
414,MA,2016,District 2 Bristol and Plymouth,53882,0,1.0
415,MA,2016,District 2 Essex,67120,0,1.0
416,MA,2016,District 2 Essex and Middlesex,45218,25973,0.6351645573176384
417,MA,2016,District 2 Hampden and Hampshire,29285,43097,0.4045895388356221
418,MA,2016,District 2 Middlesex,75777,0,1.0
419,MA,2016,District 2 Middlesex and Norfolk,61230,0,1.0
420,MA,2016,District 2 Plymouth and Bristol,56156,0,1.0
421,MA,2016,District 2 Suffolk,58705,0,1.0
422,MA,2016,District 2 Suffolk and Middlesex,56011,0,1.0
423,MA,2016,District 2 Worcester,55093,19250,0.7410650632877339
424,MA,2016,District 3 Essex,58844,0,1.0
425,MA,2016,District 3 Middlesex,64554,0,1.0
426,MA,2016,District 4 Middlesex,68540,0,1.0
427,MA,2016,District 5 Middlesex,52954,23628,0.6914679689744326
428,MA,2016,"District Berkshire, Hampshire and Franklin",53216,22624,0.7016877637130802
429,MA,2016,District Bristol and Norfolk,66611,0,1.0
430,MA,2016,District Cape and Islands,59974,45349,0.5694292794546301
431,MA,2016,District Hampden,45061,0,1.0
432,MA,2016,"District Hampshire, Franklin and Worcester",62286,13908,0.8174659422001732
433,MA,2016,District Middlesex and Suffolk,53022,0,1.0
434,MA,2016,District Middlesex and Worcester,55698,26865,0.6746121143853785
435,MA,2016,District Norfolk and Plymouth,50148,0,1.0
436,MA,2016,District Norfolk and Suffolk,66792,0,1.0
437,MA,2016,"District Norfolk, Bristol and Middlesex",33083,49776,0.3992686370822723
438,MA,2016,"District Norfolk, Bristol and Plymouth",56466,0,1.0
439,MA,2016,District Plymouth and Barnstable,0,69474,0.0
440,MA,2016,District Plymouth and Norfolk,24150,61487,0.2820084659173843
441,MA,2016,District Worcester and Middlesex,59860,0,1.0
442,MA,2016,District Worcester and Norfolk,0,64665,0.0
443,MA,2016,"District Worcester, Hampden, Hampshire and Middlesex",44021,36883,0.5441140116681499
444,ME,2016,District 1,9589,9018,0.5153436878594078
445,ME,2016,District 10,0,11305,0.0
446,ME,2016,District 11,11138,11947,0.48247779943686375
447,ME,2016,District 12,11608,10823,0.5174981053007
448,ME,2016,District 13,10909,12131,0.47348090277777777
449,ME,2016,District 14,9816,8082,0.5484411666107945
450,ME,2016,District 15,4516,15154,0.22958820538891714
451,ME,2016,District 16,8846,10378,0.460153974198918
452,ME,2016,District 17,5752,14975,0.27751242340907994
453,ME,2016,District 18,9040,11603,0.437920844838444
454,ME,2016,District 19,7272,13396,0.35184826785368684
455,ME,2016,District 2,9899,9013,0.5234242808798646
456,ME,2016,District 20,8214,13047,0.3863411880908706
457,ME,2016,District 21,14063,0,1.0
458,ME,2016,District 22,6777,13774,0.3297649749403922
459,ME,2016,District 23,12038,10712,0.5291428571428571
460,ME,2016,District 24,14833,10056,0.5959660894371007
461,ME,2016,District 25,15546,11247,0.5802261784794536
462,ME,2016,District 26,13081,8026,0.6197470033638129
463,ME,2016,District 27,14929,3562,0.8073657454978097
464,ME,2016,District 28,15375,6161,0.7139208766716196
465,ME,2016,District 29,13684,0,1.0
466,ME,2016,District 3,8557,9981,0.4615924047901607
467,ME,2016,District 30,9960,14621,0.40519100117977297
468,ME,2016,District 31,12332,9043,0.5769356725146199
469,ME,2016,District 32,11880,8249,0.5901932535148293
470,ME,2016,District 33,7922,11672,0.4043074410533837
471,ME,2016,District 34,10584,13164,0.4456796361798888
472,ME,2016,District 35,14609,9964,0.5945143043177471
473,ME,2016,District 4,5137,13525,0.27526524488264925
474,ME,2016,District 5,12117,7241,0.6259427626820953
475,ME,2016,District 6,8057,10349,0.43773769423014236
476,ME,2016,District 7,10476,13218,0.44213724993669284
477,ME,2016,District 8,0,18448,0.0
478,ME,2016,District 9,10962,7911,0.580829756795422
479,MI,2016,District 4,69305,21225,0.7655473323760079
480,MN,2016,District 1,14501,23108,0.38557260230264034
481,MN,2016,District 10,15440,27923,0.35606392546641147
482,MN,2016,District 11,20519,17079,0.5457471142082025
483,MN,2016,District 12,13515,28254,0.3235653235653236
484,MN,2016,District 13,13338,29235,0.31329716017194
485,MN,2016,District 14,17378,17519,0.4979797690345875
486,MN,2016,District 15,11672,28373,0.29147209389436884
487,MN,2016,District 16,12651,26086,0.32658698402044556
488,MN,2016,District 17,16713,22421,0.4270710890785506
489,MN,2016,District 18,13148,26341,0.3329534807161488
490,MN,2016,District 19,22875,15057,0.6030528313824739
491,MN,2016,District 2,17002,22232,0.43334862619156855
492,MN,2016,District 20,20577,22274,0.4801988284987515
493,MN,2016,District 21,19282,22901,0.4571035725292179
494,MN,2016,District 22,10910,25769,0.29744540472750075
495,MN,2016,District 23,11529,28063,0.2911951909476662
496,MN,2016,District 24,15463,21885,0.4140248473813859
497,MN,2016,District 25,15555,26839,0.3669151294994575
498,MN,2016,District 26,18317,23325,0.43986840209403966
499,MN,2016,District 27,20540,16944,0.5479671326432611
500,MN,2016,District 28,14793,25217,0.3697325668582854
501,MN,2016,District 29,13992,27249,0.3392740234232924
502,MN,2016,District 3,26977,16923,0.6145102505694761
503,MN,2016,District 30,11979,30483,0.28211106401017383
504,MN,2016,District 31,13919,29650,0.31947026555578506
505,MN,2016,District 32,18388,23992,0.4338839075035394
506,MN,2016,District 33,17335,30175,0.36487055356766995
507,MN,2016,District 34,19263,29229,0.3972407819846573
508,MN,2016,District 35,14216,29655,0.3240409382051925
509,MN,2016,District 36,21793,20840,0.5111767879342294
510,MN,2016,District 37,22129,20838,0.5150231573067703
511,MN,2016,District 38,19094,27109,0.41326320801679545
512,MN,2016,District 39,18237,28960,0.3864016780727589
513,MN,2016,District 4,21420,17382,0.5520334003401887
514,MN,2016,District 40,21152,9905,0.68107029011173
515,MN,2016,District 41,25096,15939,0.6115754843426343
516,MN,2016,District 42,24962,21008,0.5430063084620405
517,MN,2016,District 43,24347,15149,0.6164421713591249
518,MN,2016,District 44,25114,25309,0.49806635860619164
519,MN,2016,District 45,27509,15588,0.6383042903218321
520,MN,2016,District 46,35465,0,1.0
521,MN,2016,District 47,14981,30920,0.326376331670334
522,MN,2016,District 48,24303,23205,0.5115559484718363
523,MN,2016,District 49,28273,23557,0.5454948871310052
524,MN,2016,District 5,19687,20240,0.493074861622461
525,MN,2016,District 50,24921,16805,0.5972535110003355
526,MN,2016,District 51,24358,20662,0.5410484229231453
527,MN,2016,District 52,25448,18485,0.5792456695422575
528,MN,2016,District 53,23035,22636,0.5043681986380855
529,MN,2016,District 54,22162,19480,0.5322030642140146
530,MN,2016,District 55,13282,29132,0.3131513179610506
531,MN,2016,District 56,19178,23602,0.4482935951379149
532,MN,2016,District 57,24519,21633,0.531266250650026
533,MN,2016,District 58,22833,22446,0.5042735042735043
534,MN,2016,District 59,27541,7814,0.7789845849243389
535,MN,2016,District 6,26260,15555,0.6280043046753557
536,MN,2016,District 60,31542,0,1.0
537,MN,2016,District 61,43045,9924,0.8126451320583737
538,MN,2016,District 62,29564,3897,0.883536056902065
539,MN,2016,District 63,38470,9068,0.8092473389709285
540,MN,2016,District 64,36757,11078,0.7684122504442354
541,MN,2016,District 65,27743,6479,0.8106773420606628
542,MN,2016,District 66,28312,9670,0.745405718498236
543,MN,2016,District 67,21696,7091,0.7536735331920659
544,MN,2016,District 7,27677,14470,0.6566778181127957
545,MN,2016,District 8,14892,29302,0.3369688192967371
546,MN,2016,District 9,11191,27749,0.2873908577298408
547,MO,2016,District 1,48926,43227,0.5309214024502729
548,MO,2016,District 11,33071,30318,0.521715124075155
549,MO,2016,District 13,66400,0,1.0
550,MO,2016,District 15,40193,62988,0.3895387716730793
551,MO,2016,District 17,32422,51262,0.38743367907843795
552,MO,2016,District 19,43179,45335,0.48782113563955987
553,MO,2016,District 21,19988,50288,0.28442142409926574
554,MO,2016,District 23,34651,56870,0.37861255886627115
555,MO,2016,District 25,19607,44373,0.3064551422319475
556,MO,2016,District 27,19486,56750,0.25560102838553966
557,MO,2016,District 29,0,68542,0.0
558,MO,2016,District 3,0,54414,0.0
559,MO,2016,District 31,0,57296,0.0
560,MO,2016,District 33,0,64520,0.0
561,MO,2016,District 4,57288,20686,0.734706440608408
562,MO,2016,District 5,53339,0,1.0
563,MO,2016,District 7,60759,0,1.0
564,MO,2016,District 9,55506,0,1.0
565,MT,2016,District 10,2352,7851,0.2305204351661276
566,MT,2016,District 15,2351,7806,0.23146598405040858
567,MT,2016,District 16,3752,2783,0.5741392501912778
568,MT,2016,District 17,2215,7732,0.2226802050869609
569,MT,2016,District 18,0,8531,0.0
570,MT,2016,District 2,0,7961,0.0
571,MT,2016,District 21,3087,3277,0.48507228158390947
572,MT,2016,District 23,3404,6652,0.33850437549721557
573,MT,2016,District 25,3591,3495,0.5067739204064352
574,MT,2016,District 26,7658,7614,0.501440544787847
575,MT,2016,District 28,2839,5743,0.33080866930785363
576,MT,2016,District 3,4946,6511,0.43170114340577814
577,MT,2016,District 31,10295,0,1.0
578,MT,2016,District 35,0,9408,0.0
579,MT,2016,District 36,0,9785,0.0
580,MT,2016,District 37,7244,0,1.0
581,MT,2016,District 38,6113,5314,0.5349610571453575
582,MT,2016,District 39,4686,3494,0.5728606356968216
583,MT,2016,District 40,5509,6135,0.47311920302301613
584,MT,2016,District 44,3258,7614,0.2996688741721854
585,MT,2016,District 45,6372,3459,0.6481537992065914
586,MT,2016,District 46,7003,3804,0.6480059220875358
587,MT,2016,District 47,4443,4836,0.4788231490462334
588,MT,2016,District 6,2862,7370,0.2797107114933542
589,MT,2016,District 7,3300,6761,0.3279992048504125
590,NC,2016,District 1,36512,52824,0.40870421778454374
591,NC,2016,District 10,0,56371,0.0
592,NC,2016,District 11,35273,55613,0.3881015778007614
593,NC,2016,District 12,33114,44889,0.424522133764086
594,NC,2016,District 13,27345,33636,0.4484183598169922
595,NC,2016,District 14,73140,0,1.0
596,NC,2016,District 15,53672,58713,0.47757262979935045
597,NC,2016,District 16,68335,36264,0.6533045248998557
598,NC,2016,District 17,57769,58789,0.4956244959590933
599,NC,2016,District 18,45867,56841,0.44657670288585116
600,NC,2016,District 19,30978,40165,0.4354328605765852
601,NC,2016,District 2,29371,57739,0.3371713924922512
602,NC,2016,District 20,71418,0,1.0
603,NC,2016,District 21,48803,19241,0.717227088354594
604,NC,2016,District 22,74373,39070,0.6555979654980916
605,NC,2016,District 23,79379,37220,0.6807862846165061
606,NC,2016,District 24,33201,51576,0.3916274461233589
607,NC,2016,District 25,30060,53221,0.3609466745115933
608,NC,2016,District 26,0,67636,0.0
609,NC,2016,District 27,47731,54512,0.46683880559060276
610,NC,2016,District 28,74232,14265,0.8388080951896675
611,NC,2016,District 29,0,71379,0.0
612,NC,2016,District 3,57261,0,1.0
613,NC,2016,District 30,22347,59284,0.2737562935649447
614,NC,2016,District 31,0,83544,0.0
615,NC,2016,District 32,63691,0,1.0
616,NC,2016,District 33,23685,59122,0.28602654364969143
617,NC,2016,District 34,0,69133,0.0
618,NC,2016,District 35,0,72753,0.0
619,NC,2016,District 36,35284,59058,0.3740009751754256
620,NC,2016,District 37,57618,27181,0.6794655597353743
621,NC,2016,District 38,66870,17717,0.7905470107699765
622,NC,2016,District 39,44609,58656,0.4319856679417034
623,NC,2016,District 4,56321,26940,0.6764391491814895
624,NC,2016,District 40,61279,12995,0.8250397178016533
625,NC,2016,District 41,41401,55411,0.42764326736354996
626,NC,2016,District 42,0,69047,0.0
627,NC,2016,District 43,0,64797,0.0
628,NC,2016,District 44,0,70871,0.0
629,NC,2016,District 45,30383,56409,0.3500668264356162
630,NC,2016,District 46,27046,52837,0.33857015885732883
631,NC,2016,District 47,29809,54771,0.3524355639631118
632,NC,2016,District 48,37528,61301,0.379726598468061
633,NC,2016,District 49,71599,0,1.0
634,NC,2016,District 5,57292,0,1.0
635,NC,2016,District 50,35362,58767,0.37567593409045036
636,NC,2016,District 6,0,44819,0.0
637,NC,2016,District 7,0,65553,0.0
638,NC,2016,District 8,0,77861,0.0
639,NC,2016,District 9,44385,59728,0.4263156378166031
640,ND,2016,District 10,2352,4246,0.3564716580782055
641,ND,2016,District 12,3673,2563,0.5889993585631815
642,ND,2016,District 14,1987,5598,0.26196440342781807
643,ND,2016,District 16,3790,4466,0.4590600775193798
644,ND,2016,District 18,2562,2983,0.46203787195671775
645,ND,2016,District 2,0,8921,0.0
646,ND,2016,District 20,2717,3723,0.4218944099378882
647,ND,2016,District 22,2615,6279,0.2940184393973465
648,ND,2016,District 24,3431,3271,0.5119367353028946
649,ND,2016,District 26,3451,3287,0.5121697833184922
650,ND,2016,District 28,1250,6241,0.1668669069550127
651,ND,2016,District 30,2056,4975,0.2924192860190585
652,ND,2016,District 32,2295,4360,0.34485349361382417
653,ND,2016,District 34,1994,5783,0.2563970682782564
654,ND,2016,District 36,0,7020,0.0
655,ND,2016,District 38,0,5904,0.0
656,ND,2016,District 4,2382,4697,0.33648820454866507
657,ND,2016,District 40,1224,3255,0.2732752846617549
658,ND,2016,District 42,2073,2281,0.4761139182361047
659,ND,2016,District 44,3733,3590,0.5097637580226683
660,ND,2016,District 46,3897,3934,0.4976375941769889
661,ND,2016,District 6,3385,4133,0.45025272678903966
662,ND,2016,District 8,0,6259,0.0
663,NH,2016,District 1,13926,11590,0.5457751998745884
664,NH,2016,District 10,17713,10273,0.6329236046594726
665,NH,2016,District 11,13227,17235,0.43421311798306084
666,NH,2016,District 12,15120,15942,0.48676839868649796
667,NH,2016,District 13,14619,9897,0.5963044542339696
668,NH,2016,District 14,9989,17793,0.35954934849902814
669,NH,2016,District 15,17658,10913,0.6180392705890588
670,NH,2016,District 16,15118,14503,0.5103811485095034
671,NH,2016,District 17,11522,18252,0.38698193054342717
672,NH,2016,District 18,13299,10869,0.5502730883813307
673,NH,2016,District 19,11825,16505,0.41740204729968233
674,NH,2016,District 2,13244,15546,0.46002084056964226
675,NH,2016,District 20,13187,8695,0.6026414404533407
676,NH,2016,District 21,20883,10607,0.6631629088599555
677,NH,2016,District 22,11270,18717,0.3758295261279888
678,NH,2016,District 23,13343,17337,0.43490873533246416
679,NH,2016,District 24,16373,17844,0.47850483677704064
680,NH,2016,District 3,11111,20091,0.35609896801487084
681,NH,2016,District 4,15144,12283,0.5521566339738214
682,NH,2016,District 5,18809,9998,0.6529315791300726
683,NH,2016,District 6,11793,14481,0.4488467686686458
684,NH,2016,District 7,13863,13880,0.4996936164077425
685,NH,2016,District 8,14289,16150,0.46943066460790434
686,NH,2016,District 9,14727,17073,0.46311320754716984
687,NJ,2016,District 18,50537,31321,0.617373989103081
688,NM,2016,District 1,4834,11170,0.30204948762809297
689,NM,2016,District 10,10151,10530,0.4908370001450607
690,NM,2016,District 11,8776,0,1.0
691,NM,2016,District 12,12922,0,1.0
692,NM,2016,District 13,14089,7294,0.658887901604078
693,NM,2016,District 14,9668,0,1.0
694,NM,2016,District 15,11321,8981,0.5576297901684563
695,NM,2016,District 16,16721,0,1.0
696,NM,2016,District 17,8456,0,1.0
697,NM,2016,District 18,12203,11750,0.5094560180353191
698,NM,2016,District 19,9415,14905,0.3871299342105263
699,NM,2016,District 2,0,15057,0.0
700,NM,2016,District 20,0,16893,0.0
701,NM,2016,District 21,11087,14164,0.4390717199318839
702,NM,2016,District 22,12472,0,1.0
703,NM,2016,District 23,11001,11794,0.4826058346128537
704,NM,2016,District 24,16155,0,1.0
705,NM,2016,District 25,26958,0,1.0
706,NM,2016,District 26,11330,0,1.0
707,NM,2016,District 27,0,12589,0.0
708,NM,2016,District 28,15063,0,1.0
709,NM,2016,District 29,7348,8965,0.45043830074173974
710,NM,2016,District 3,12519,0,1.0
711,NM,2016,District 30,11973,0,1.0
712,NM,2016,District 31,9443,0,1.0
713,NM,2016,District 32,0,8480,0.0
714,NM,2016,District 33,0,14648,0.0
715,NM,2016,District 34,0,11542,0.0
716,NM,2016,District 35,12502,0,1.0
717,NM,2016,District 36,10579,7158,0.5964368269718667
718,NM,2016,District 37,11374,9131,0.5546939770787612
719,NM,2016,District 38,9588,4713,0.6704426263897629
720,NM,2016,District 39,9622,9250,0.5098558711318355
721,NM,2016,District 4,12029,0,1.0
722,NM,2016,District 40,10099,12490,0.44707601044756295
723,NM,2016,District 41,0,9006,0.0
724,NM,2016,District 42,0,15206,0.0
725,NM,2016,District 5,15535,0,1.0
726,NM,2016,District 6,17697,0,1.0
727,NM,2016,District 7,0,12778,0.0
728,NM,2016,District 8,14258,0,1.0
729,NM,2016,District 9,12724,12534,0.5037611845751842
730,NV,2016,District 11,22439,14221,0.6120840152755046
731,NV,2016,District 13,27280,15811,0.6330788331670186
732,NV,2016,District 15,26773,33822,0.44183513491212145
733,NV,2016,District 18,26864,34805,0.43561594966676936
734,NV,2016,District 19,0,36877,0.0
735,NV,2016,District 3,21195,11057,0.6571685476869652
736,NV,2016,District 4,29912,0,1.0
737,NV,2016,District 6,28733,27697,0.5091795144426723
738,NV,2016,District 7,28431,0,1.0
739,NY,2016,District 1,47813,94756,0.33536743611865133
740,NY,2016,District 10,84582,0,1.0
741,NY,2016,District 11,72520,31797,0.6951887036628738
742,NY,2016,District 12,82328,13409,0.8599392084565006
743,NY,2016,District 13,59896,9162,0.8673289119291031
744,NY,2016,District 14,97578,8364,0.9210511411904627
745,NY,2016,District 15,62460,35691,0.6363664150136015
746,NY,2016,District 16,52495,14856,0.7794242104794287
747,NY,2016,District 17,63002,0,1.0
748,NY,2016,District 18,87613,0,1.0
749,NY,2016,District 19,90219,0,1.0
750,NY,2016,District 2,47623,91172,0.3431175474620844
751,NY,2016,District 20,90272,5706,0.9405488757840338
752,NY,2016,District 21,109682,0,1.0
753,NY,2016,District 22,0,62033,0.0
754,NY,2016,District 23,63866,0,1.0
755,NY,2016,District 24,0,107357,0.0
756,NY,2016,District 25,114943,3896,0.9672161495805249
757,NY,2016,District 26,95462,0,1.0
758,NY,2016,District 27,118371,0,1.0
759,NY,2016,District 28,101117,33788,0.7495422704866388
760,NY,2016,District 29,56194,6158,0.9012381318963305
761,NY,2016,District 3,46108,65713,0.4123375752318437
762,NY,2016,District 30,113144,5619,0.9526872847604052
763,NY,2016,District 31,97964,8719,0.9182718896169024
764,NY,2016,District 32,79574,0,1.0
765,NY,2016,District 33,61953,0,1.0
766,NY,2016,District 34,80998,0,1.0
767,NY,2016,District 35,94864,0,1.0
768,NY,2016,District 36,88233,0,1.0
769,NY,2016,District 37,73116,58164,0.5569469835466179
770,NY,2016,District 38,77317,41612,0.6501105701721195
771,NY,2016,District 39,47641,65031,0.4228290968474865
772,NY,2016,District 4,45232,76411,0.3718421939610171
773,NY,2016,District 40,58737,80312,0.42241943487547556
774,NY,2016,District 41,58616,72942,0.4455525319630885
775,NY,2016,District 42,43667,68502,0.3892965079478287
776,NY,2016,District 43,50660,85057,0.37327674499141594
777,NY,2016,District 44,77821,33036,0.7019944613330688
778,NY,2016,District 45,0,92717,0.0
779,NY,2016,District 46,50071,84716,0.3714824129923509
780,NY,2016,District 47,0,87254,0.0
781,NY,2016,District 48,0,86807,0.0
782,NY,2016,District 49,38884,87056,0.3087501985072257
783,NY,2016,District 5,72265,74026,0.49398117450834295
784,NY,2016,District 50,0,110089,0.0
785,NY,2016,District 51,31990,84726,0.27408410157990337
786,NY,2016,District 52,30571,89180,0.25528805604963634
787,NY,2016,District 53,82524,0,1.0
788,NY,2016,District 54,40739,74175,0.3545172911916738
789,NY,2016,District 55,0,101334,0.0
790,NY,2016,District 56,42764,73574,0.3675841083738761
791,NY,2016,District 57,19136,93320,0.17016433093832253
792,NY,2016,District 58,52488,63270,0.4534287047115534
793,NY,2016,District 59,37675,100293,0.2730705670880204
794,NY,2016,District 6,61525,71623,0.462079790909364
795,NY,2016,District 60,51036,77327,0.39759120618869925
796,NY,2016,District 61,53363,75255,0.4148952712684072
797,NY,2016,District 62,0,89390,0.0
798,NY,2016,District 63,89650,0,1.0
799,NY,2016,District 7,66604,69881,0.48799501776752024
800,NY,2016,District 8,68599,68285,0.5011469565471494
801,NY,2016,District 9,75739,69217,0.5224964816909959
802,OH,2016,District 10,53239,99477,0.34861442154063754
803,OH,2016,District 12,0,122615,0.0
804,OH,2016,District 14,44014,112706,0.28084481878509443
805,OH,2016,District 16,76077,109454,0.41005007249462355
806,OH,2016,District 18,57446,107972,0.34727780531743824
807,OH,2016,District 2,59882,118232,0.3362004109727478
808,OH,2016,District 20,0,114532,0.0
809,OH,2016,District 22,49218,113666,0.3021659585963017
810,OH,2016,District 24,77383,107500,0.4185511918348361
811,OH,2016,District 26,0,109616,0.0
812,OH,2016,District 28,83805,53117,0.6120638027490104
813,OH,2016,District 30,75450,84747,0.470982602670462
814,OH,2016,District 32,78451,60671,0.5639007489829071
815,OH,2016,District 4,50580,105810,0.3234222136965279
816,OH,2016,District 6,53584,114168,0.3194239114883876
817,OH,2016,District 8,62693,106215,0.3711665522059346
818,OK,2016,District 1,11590,16933,0.40633874417137045
819,OK,2016,District 13,10393,18686,0.35740568795350597
820,OK,2016,District 15,0,21069,0.0
821,OK,2016,District 19,5719,19877,0.22343334896077513
822,OK,2016,District 23,7120,24087,0.22815393982119397
823,OK,2016,District 25,10398,28362,0.26826625386996905
824,OK,2016,District 29,11419,21704,0.344745343115056
825,OK,2016,District 3,10695,16091,0.399275741058762
826,OK,2016,District 31,7737,17828,0.3026403285742226
827,OK,2016,District 33,11128,23087,0.32523746894636857
828,OK,2016,District 35,0,19737,0.0
829,OK,2016,District 37,12729,17671,0.4187171052631579
830,OK,2016,District 39,16793,19002,0.4691437351585417
831,OK,2016,District 41,13215,25751,0.33914181594210335
832,OK,2016,District 43,8290,25395,0.24610360694671218
833,OK,2016,District 47,15445,22858,0.40323212281022375
834,OK,2016,District 5,10987,14665,0.42830968345548104
835,OK,2016,District 7,12867,16209,0.4425299215848122
836,OK,2016,District 9,12828,13641,0.484642411878046
837,OR,2016,District 1,16476,45775,0.2646704470610914
838,OR,2016,District 12,23441,39908,0.37002951901371767
839,OR,2016,District 14,44338,0,1.0
840,OR,2016,District 18,51491,0,1.0
841,OR,2016,District 2,0,43535,0.0
842,OR,2016,District 21,54520,0,1.0
843,OR,2016,District 22,60803,0,1.0
844,OR,2016,District 23,48722,0,1.0
845,OR,2016,District 25,25339,18742,0.5748281572559606
846,OR,2016,District 27,28933,44691,0.39298326632619796
847,OR,2016,District 28,23153,37119,0.3841418900982214
848,OR,2016,District 29,0,37785,0.0
849,OR,2016,District 3,32585,32980,0.49698772210783193
850,OR,2016,District 30,17001,40237,0.29702295677696633
851,OR,2016,District 5,30388,30039,0.5028877819517765
852,OR,2016,District 9,15901,40655,0.28115496145413393
853,PA,2016,District 1,114099,0,1.0
854,PA,2016,District 11,98370,0,1.0
855,PA,2016,District 13,48476,66595,0.4212703461341259
856,PA,2016,District 15,58591,62774,0.48276686029744986
857,PA,2016,District 17,88827,50010,0.6397934268242615
858,PA,2016,District 19,75615,58456,0.5639922130811287
859,PA,2016,District 21,0,101525,0.0
860,PA,2016,District 23,0,85889,0.0
861,PA,2016,District 25,25686,76416,0.2515719574543104
862,PA,2016,District 27,0,83083,0.0
863,PA,2016,District 29,0,92537,0.0
864,PA,2016,District 3,98955,0,1.0
865,PA,2016,District 31,38478,87269,0.305995371658966
866,PA,2016,District 33,0,99377,0.0
867,PA,2016,District 35,41349,68397,0.37676999617298124
868,PA,2016,District 37,59044,90987,0.393545333964314
869,PA,2016,District 39,0,111696,0.0
870,PA,2016,District 41,30739,76843,0.2857262367310517
871,PA,2016,District 43,114984,0,1.0
872,PA,2016,District 45,89016,0,1.0
873,PA,2016,District 47,0,95622,0.0
874,PA,2016,District 49,50356,57790,0.46562979675623695
875,PA,2016,District 5,64508,31644,0.6708960812047591
876,PA,2016,District 7,108471,0,1.0
877,PA,2016,District 9,67011,70764,0.48637996733805117
878,RI,2016,District 1,6267,1244,0.8343762481693516
879,RI,2016,District 10,8296,0,1.0
880,RI,2016,District 11,6621,6135,0.5190498588899342
881,RI,2016,District 12,7911,5059,0.6099460292983809
882,RI,2016,District 13,7609,0,1.0
883,RI,2016,District 14,7790,0,1.0
884,RI,2016,District 15,6457,0,1.0
885,RI,2016,District 16,4742,0,1.0
886,RI,2016,District 17,6942,7224,0.4900465904277848
887,RI,2016,District 18,8860,0,1.0
888,RI,2016,District 19,7135,5686,0.5565088526635987
889,RI,2016,District 2,6417,0,1.0
890,RI,2016,District 20,7888,0,1.0
891,RI,2016,District 21,6101,8282,0.42418132517555446
892,RI,2016,District 22,7290,5357,0.5764212856803985
893,RI,2016,District 23,7628,5475,0.5821567579943524
894,RI,2016,District 24,6599,0,1.0
895,RI,2016,District 25,8219,0,1.0
896,RI,2016,District 26,8905,0,1.0
897,RI,2016,District 27,7276,5779,0.5573343546533895
898,RI,2016,District 28,8473,0,1.0
899,RI,2016,District 29,8341,0,1.0
900,RI,2016,District 3,9820,0,1.0
901,RI,2016,District 30,9256,0,1.0
902,RI,2016,District 31,9674,0,1.0
903,RI,2016,District 32,8012,6873,0.5382599932818274
904,RI,2016,District 33,6824,0,1.0
905,RI,2016,District 34,6444,7856,0.45062937062937064
906,RI,2016,District 35,0,10944,0.0
907,RI,2016,District 36,11337,0,1.0
908,RI,2016,District 37,7577,0,1.0
909,RI,2016,District 38,0,11057,0.0
910,RI,2016,District 4,8485,0,1.0
911,RI,2016,District 5,6739,0,1.0
912,RI,2016,District 6,6383,0,1.0
913,RI,2016,District 7,6402,0,1.0
914,RI,2016,District 8,6760,0,1.0
915,RI,2016,District 9,8241,0,1.0
916,SC,2016,District 1,0,33175,0.0
917,SC,2016,District 10,19331,18342,0.5131261115387679
918,SC,2016,District 11,20825,17225,0.5473061760840998
919,SC,2016,District 12,0,41352,0.0
920,SC,2016,District 13,0,36239,0.0
921,SC,2016,District 14,0,36427,0.0
922,SC,2016,District 15,0,39584,0.0
923,SC,2016,District 16,0,44508,0.0
924,SC,2016,District 17,23735,20762,0.5334067465222374
925,SC,2016,District 18,0,43288,0.0
926,SC,2016,District 19,35946,0,1.0
927,SC,2016,District 2,0,36944,0.0
928,SC,2016,District 20,0,30267,0.0
929,SC,2016,District 21,30294,0,1.0
930,SC,2016,District 22,26530,21696,0.5501181935055779
931,SC,2016,District 23,0,32393,0.0
932,SC,2016,District 24,0,38279,0.0
933,SC,2016,District 25,0,34890,0.0
934,SC,2016,District 26,21702,15392,0.5850541866609155
935,SC,2016,District 27,27101,0,1.0
936,SC,2016,District 28,0,35257,0.0
937,SC,2016,District 29,28519,0,1.0
938,SC,2016,District 3,0,40287,0.0
939,SC,2016,District 30,31560,0,1.0
940,SC,2016,District 31,0,32439,0.0
941,SC,2016,District 32,31164,0,1.0
942,SC,2016,District 33,0,36270,0.0
943,SC,2016,District 34,0,45945,0.0
944,SC,2016,District 35,31113,0,1.0
945,SC,2016,District 36,24725,15024,0.6220282271252107
946,SC,2016,District 37,0,39314,0.0
947,SC,2016,District 38,0,34034,0.0
948,SC,2016,District 39,30716,0,1.0
949,SC,2016,District 4,0,28064,0.0
950,SC,2016,District 40,34069,0,1.0
951,SC,2016,District 41,0,39313,0.0
952,SC,2016,District 42,29289,0,1.0
953,SC,2016,District 43,0,39056,0.0
954,SC,2016,District 44,0,30795,0.0
955,SC,2016,District 45,29994,0,1.0
956,SC,2016,District 46,0,42931,0.0
957,SC,2016,District 5,0,39364,0.0
958,SC,2016,District 6,0,31732,0.0
959,SC,2016,District 7,21518,13209,0.6196331384801451
960,SC,2016,District 8,0,42425,0.0
961,SC,2016,District 9,0,32168,0.0
962,SD,2016,District 1,6849,0,1.0
963,SD,2016,District 10,4141,6205,0.40025130485211674
964,SD,2016,District 11,4481,6944,0.39221006564551425
965,SD,2016,District 12,4432,6221,0.4160330423354924
966,SD,2016,District 13,4502,6997,0.3915123054178624
967,SD,2016,District 14,0,7747,0.0
968,SD,2016,District 15,3666,0,1.0
969,SD,2016,District 16,3122,8274,0.273955773955774
970,SD,2016,District 17,3965,5023,0.44114374721851357
971,SD,2016,District 18,5765,0,1.0
972,SD,2016,District 19,2408,8636,0.21803694313654473
973,SD,2016,District 2,0,7839,0.0
974,SD,2016,District 20,3644,6666,0.35344325897187195
975,SD,2016,District 21,6701,0,1.0
976,SD,2016,District 22,2408,6754,0.2628247107618424
977,SD,2016,District 23,0,8445,0.0
978,SD,2016,District 24,0,8124,0.0
979,SD,2016,District 25,4301,7254,0.3722198182604933
980,SD,2016,District 26,4601,0,1.0
981,SD,2016,District 27,3940,0,1.0
982,SD,2016,District 28,0,6989,0.0
983,SD,2016,District 29,0,6557,0.0
984,SD,2016,District 3,4031,6364,0.3877825877825878
985,SD,2016,District 30,3653,9176,0.28474549848000624
986,SD,2016,District 31,0,8681,0.0
987,SD,2016,District 32,3359,6764,0.3318186308406599
988,SD,2016,District 33,4767,7651,0.3838782412626832
989,SD,2016,District 34,3889,7292,0.3478221983722386
990,SD,2016,District 35,0,6137,0.0
991,SD,2016,District 4,4416,6739,0.3958762886597938
992,SD,2016,District 5,0,6838,0.0
993,SD,2016,District 6,3482,7697,0.3114768762858932
994,SD,2016,District 7,2887,5569,0.3414143803216651
995,SD,2016,District 8,5776,5870,0.495964279580972
996,SD,2016,District 9,3398,6426,0.34588762214983715
997,TN,2016,District 10,31043,39308,0.44125883072024563
998,TN,2016,District 12,0,55219,0.0
999,TN,2016,District 14,18259,53082,0.25593978217294405
1000,TN,2016,District 16,22205,46846,0.3215739091396214
1001,TN,2016,District 18,0,64220,0.0
1002,TN,2016,District 2,0,66262,0.0
1003,TN,2016,District 20,41172,52966,0.4373579213495082
1004,TN,2016,District 22,20406,41497,0.3296447668125939
1005,TN,2016,District 24,0,46945,0.0
1006,TN,2016,District 26,0,54210,0.0
1007,TN,2016,District 28,0,51251,0.0
1008,TN,2016,District 30,39668,0,1.0
1009,TN,2016,District 32,0,57912,0.0
1010,TN,2016,District 4,0,60516,0.0
1011,TN,2016,District 6,0,62688,0.0
1012,TN,2016,District 8,0,49440,0.0
1013,TX,2016,District 1,0,245648,0.0
1014,TX,2016,District 11,0,218201,0.0
1015,TX,2016,District 12,0,241232,0.0
1016,TX,2016,District 13,178277,0,1.0
1017,TX,2016,District 18,0,229051,0.0
1018,TX,2016,District 19,134997,97682,0.5801855775553445
1019,TX,2016,District 20,132128,82098,0.6167692063521701
1020,TX,2016,District 21,160959,0,1.0
1021,TX,2016,District 22,88769,211380,0.29574977761045346
1022,TX,2016,District 24,81836,214568,0.2760961390534541
1023,TX,2016,District 26,155441,0,1.0
1024,TX,2016,District 27,135945,0,1.0
1025,TX,2016,District 28,0,205512,0.0
1026,TX,2016,District 29,167169,0,1.0
1027,TX,2016,District 4,0,239869,0.0
1028,TX,2016,District 6,119891,0,1.0
1029,UT,2016,District 1,11957,8372,0.5881745289979832
1030,UT,2016,District 10,13442,31762,0.2973630652154677
1031,UT,2016,District 13,0,39094,0.0
1032,UT,2016,District 14,0,34681,0.0
1033,UT,2016,District 16,0,21489,0.0
1034,UT,2016,District 19,16381,20994,0.4382876254180602
1035,UT,2016,District 20,10757,24296,0.306878155935298
1036,UT,2016,District 23,13953,29883,0.3183000273747605
1037,UT,2016,District 24,0,33338,0.0
1038,UT,2016,District 25,0,30288,0.0
1039,UT,2016,District 27,11626,26199,0.30736285525446133
1040,UT,2016,District 29,9114,32177,0.2207260662129762
1041,UT,2016,District 6,12682,19325,0.39622582560064984
1042,UT,2016,District 7,5589,28592,0.16351189257189666
1043,UT,2016,District 8,17577,23533,0.42756020432984676
1044,VA,2016,District 1,49251,31740,0.6081046042152832
1045,VA,2016,District 5,66989,0,1.0
1059,WA,2016,District 1,40758,30850,0.5691822142777343
1060,WA,2016,District 10,32309,42309,0.43299203945428716
1061,WA,2016,District 11,38785,0,1.0
1062,WA,2016,District 12,0,27570,0.0
1063,WA,2016,District 14,0,31156,0.0
1064,WA,2016,District 16,0,40354,0.0
1065,WA,2016,District 17,0,32766,0.0
1066,WA,2016,District 18,25699,45316,0.3618812926846441
1067,WA,2016,District 19,30850,0,1.0
1068,WA,2016,District 2,23149,36739,0.38653820464867755
1069,WA,2016,District 20,0,49936,0.0
1070,WA,2016,District 22,45882,0,1.0
1071,WA,2016,District 23,51541,0,1.0
1072,WA,2016,District 24,40808,0,1.0
1073,WA,2016,District 25,24088,35138,0.40671326782156486
1074,WA,2016,District 27,40241,17859,0.6926161790017211
1075,WA,2016,District 28,26835,30139,0.4710043177589778
1076,WA,2016,District 3,33777,0,1.0
1077,WA,2016,District 36,72385,0,1.0
1078,WA,2016,District 39,0,50942,0.0
1079,WA,2016,District 4,0,55715,0.0
1080,WA,2016,District 40,47108,23081,0.6711592984655715
1081,WA,2016,District 41,37107,34446,0.5185946081925286
1082,WA,2016,District 49,34548,20943,0.6225874466129643
1083,WA,2016,District 5,37342,36826,0.5034785891489592
1084,WA,2016,District 9,0,41951,0.0
1085,WI,2016,District 10,32863,56496,0.36776373952259983
1086,WI,2016,District 12,33713,57273,0.37052953201591454
1087,WI,2016,District 14,35555,47294,0.429154244468853
1088,WI,2016,District 16,77047,0,1.0
1089,WI,2016,District 18,36366,46076,0.44111011377695836
1090,WI,2016,District 2,30796,57269,0.34969624709021746
1091,WI,2016,District 20,0,79743,0.0
1092,WI,2016,District 22,50841,0,1.0
1093,WI,2016,District 24,41091,45139,0.4765278905253392
1094,WI,2016,District 26,95246,0,1.0
1095,WI,2016,District 28,0,70269,0.0
1096,WI,2016,District 30,40214,38175,0.5130056513031165
1097,WI,2016,District 32,43585,43524,0.5003501360364601
1098,WI,2016,District 4,62099,0,1.0
1099,WI,2016,District 6,60129,0,1.0
1100,WI,2016,District 8,0,77331,0.0
1101,WV,2016,District 1,20303,21191,0.489299657781848
1102,WV,2016,District 10,17494,21148,0.45271983851767506
1103,WV,2016,District 11,19718,20610,0.48894068637175164
1104,WV,2016,District 12,21304,21207,0.5011408811836936
1105,WV,2016,District 13,24404,16544,0.5959753834131093
1106,WV,2016,District 14,18264,23201,0.44046786446400576
1107,WV,2016,District 15,13629,32475,0.29561426340447683
1108,WV,2016,District 16,20122,22499,0.47211468524905564
1109,WV,2016,District 17,22781,18345,0.553931819287069
1110,WV,2016,District 2,15754,22902,0.4075434602649007
1111,WV,2016,District 3,14826,27172,0.35301681032430116
1112,WV,2016,District 4,21123,22032,0.4894681960375391
1113,WV,2016,District 5,22863,15092,0.6023712290870769
1114,WV,2016,District 6,15606,20776,0.4289483810675609
1115,WV,2016,District 7,19978,13987,0.5881937288385102
1116,WV,2016,District 8,20768,18357,0.5308115015974441
1117,WV,2016,District 9,17545,18861,0.48192605614459155
1118,WY,2016,District 10,3815,5133,0.4263522574877068
1119,WY,2016,District 12,4660,0,1.0
1120,WY,2016,District 14,1237,6939,0.15129647749510763
1121,WY,2016,District 16,1989,7208,0.21626617375231053
1122,WY,2016,District 18,0,5682,0.0
1123,WY,2016,District 2,1377,8187,0.14397741530740277
1124,WY,2016,District 20,1546,6893,0.18319706126318283
1125,WY,2016,District 22,0,7603,0.0
1126,WY,2016,District 24,0,6553,0.0
1127,WY,2016,District 26,1979,6461,0.23447867298578198
1128,WY,2016,District 28,2111,5216,0.2881124607615668
1129,WY,2016,District 30,1521,5831,0.20688248095756256
1130,WY,2016,District 4,3859,5867,0.3967715402015217
1131,WY,2016,District 6,0,4670,0.0
1132,WY,2016,District 8,2346,3638,0.39204545454545453
